id,email,password,first_name,last_name,date_of_birth
c911e69e-fc42-48b8-9ce3-1d35fcf26aa3,sstables0@acquirethisname.com,EKvU4ZNIpU,Savina,Stables,1972-04-02
14434bed-3fcb-4e3a-ab02-5c04d7919034,vjosipovic1@slashdot.org,sxeffYP,Vince,Josipovic,1962-12-15
330b4085-a6c8-4b2f-9b54-74e781858794,jryman2@facebook.com,SynxHKYC,Jennette,Ryman,1972-07-24
695e8865-f909-4af4-a8a9-b86c9e1ad2f0,ecollop3@odnoklassniki.ru,xrQhaSCWi,Eugenius,Collop,1976-08-26
bbec02ef-c02e-467d-bec7-bbfd605b6087,lbyway4@exblog.jp,3eG7Ok9,Leia,Byway,1995-09-21
1b269a1b-91df-4f9c-bded-8dd1a79ff459,vmees5@mediafire.com,axLKBeLL,Vince,Mees,1958-07-22
59170fb7-14e4-443d-acfe-4165c898be20,amulleary6@businesswire.com,U4j930e,Audry,Mulleary,1954-05-22
a6cb3cec-18e3-4550-9d2a-b2495a986e3a,cjaime7@slate.com,0bhQ4u4l,Chane,Jaime,1992-02-16
b2c40779-84fe-414e-8f65-af1a83881945,bbasilone8@upenn.edu,VFPcYMXMeDj,Beth,Basilone,1969-08-12
9ababc05-ee7b-46e7-b0de-60e8fa0d301a,jnares9@washingtonpost.com,07QomkP5M,Jonah,Nares,1984-12-01
69c66ead-a28b-40ed-94c6-9c13d394676c,cdemangeona@wikimedia.org,gPjA19PCf,Curtice,Demangeon,1957-05-25
4db22643-1b8d-4ecd-9170-b0e0ec85f72f,msmithiesb@friendfeed.com,XGSBVIN9fv2,Micah,Smithies,2002-01-26
08474d09-cde7-433c-b322-daebfe993e31,lbridgewoodc@mozilla.com,LmjPG1nwg2,Layne,Bridgewood,2004-04-20
e874f174-6405-416b-92df-66f0fb5d7056,bperviewd@spiegel.de,AvV9EN,Bendicty,Perview,1998-07-25
0f7d7b97-c937-4ecd-9daa-3a070b4b8234,rkolise@ft.com,UtZ8lIfAJm,Rica,Kolis,1985-01-19
03e72903-5a8e-41c3-8137-81ef051fdd24,rfuzzardf@joomla.org,a01PJ9,Richie,Fuzzard,1973-11-09
991d0ffa-a3ce-4447-b4d2-f70635c802e2,cwrathallg@ucla.edu,lAoV348,Celeste,Wrathall,1976-05-18
1db4b280-022a-4ebe-9d4a-3f8c4410809e,sshurrockh@list-manage.com,mXYPYMiVhU,Shirline,Shurrock,1976-06-03
2353e4d3-4379-43be-9a5a-8aa98cd0a53d,gbootyi@webeden.co.uk,VHZxTNP,Gennifer,Booty,1964-10-07
1cb08949-729f-4621-942f-da394f1a8791,pbrooktonj@fema.gov,Nd2KMX,Parrnell,Brookton,1980-12-18
8f2ada29-3182-4526-87f5-ebcbdac8cce1,ctregiank@newsvine.com,IDGnXIWcL,Courtenay,Tregian,1996-09-22
8b629fe9-f4d3-4a52-bd6a-b8a6d7d6dbff,cbartil@a8.net,V3ov0qDYVn,Cam,Barti,1985-08-05
dcbcfdd1-8033-474c-a823-78e35ba98a8a,rwinsomm@pcworld.com,tQFUsMG,Rafaelia,Winsom,1988-02-06
c0770484-801a-497f-8f23-a45aec40289f,bfosdyken@economist.com,j5dT8sxK,Brenda,Fosdyke,1967-03-11
e1871595-d5c7-4e4b-9a4a-d93a5e2d156f,wbarenskyo@nature.com,wVp4Zu29E6D0,Whitaker,Barensky,1990-06-29
9a4d846b-607b-435b-8733-2223af71ba8c,edanilishinp@purevolume.com,tN4jm5zv4o,Ethelred,Danilishin,1989-04-16
94ba132b-6229-4ed5-8a1f-f38d41a75630,lbuxsyq@edublogs.org,d4DIs6mi,Leonerd,Buxsy,1984-08-09
0070d08d-1cff-417e-a7da-3dda8d86a638,cjacombsr@trellian.com,ybrIS0TF,Candida,Jacombs,1966-10-04
7a45c172-b3eb-442c-9aaa-f1e6af4e970f,rbatalles@miitbeian.gov.cn,0turIDYs,Roger,Batalle,1970-06-21
5a3d624b-55d0-4a0e-9e92-d36ae7211445,tellingtont@multiply.com,cUrlTjtLl,Tuck,Ellington,1969-04-27
0030883c-d500-4d2c-aa7c-d7467128abb9,dtewesu@amazon.com,HAVc0aD,Dalli,Tewes,1954-03-22
4d578113-b318-4a5f-9af2-2ac90086e739,sgrastyev@ihg.com,aLG7VucB,Serene,Grastye,1956-08-01
44da0227-1836-43ef-a191-92b5ed46c078,ecraftsw@istockphoto.com,NF6lNSmCb,Etheline,Crafts,1963-06-12
c1c4d392-c4f1-4f3d-92b0-b937e5e295a5,fstatterx@europa.eu,xQ5wH41bHk,Florette,Statter,2002-09-16
32e8bbc1-c1e3-4ed5-81ba-0eb9da281db4,npenky@naver.com,ceuRhGgZvmO,Nikolas,Penk,1982-09-09
490a390e-2e9c-4587-8ece-a153ac6f2c80,oarnaldoz@acquirethisname.com,1V95GIFgi,Oralee,Arnaldo,1984-02-15
6af29390-a434-44f9-bf1e-9a6baed5ce77,ikivlin10@msu.edu,6CYCj97xK,Iorgo,Kivlin,1989-07-23
0671e627-dbf7-4ee5-840a-32c83e34bcd0,sgwynne11@merriam-webster.com,NSbhCuT,Sharon,Gwynne,1978-06-11
35671a8b-3012-4414-9b9d-027265c95b79,amayho12@skyrock.com,7bbnfPW,Aksel,Mayho,1979-07-07
7cbc0144-53bf-49d7-afab-fa77c2058528,llehrer13@sourceforge.net,ZZAlsaDqLpLV,Liz,Lehrer,1953-08-16
85e83d05-ed76-4ff6-9958-8fd6acf7b956,glugard14@hp.com,duw2f6tVEc,Grazia,Lugard,1952-04-13
82feff98-155f-423f-98bc-2f8c9f16b627,jraffon15@japanpost.jp,jE6KsuOyyn5I,Johny,Raffon,1973-03-12
0396a847-ec1f-4872-bc1d-0079eaf7670a,goatley16@techcrunch.com,v9xAouKZ,Germana,Oatley,1952-11-27
4d7a2e30-4b68-4147-a509-991e146dcf3b,dducarne17@mit.edu,TeL4hiW,Dwain,Ducarne,1973-01-16
4cdf32fb-4e35-4818-9f04-1f9542b28365,shatton18@ebay.com,1wi41JF,Sheela,Hatton,1979-01-14
7828e762-ae1d-4534-ad5d-20e6dd2e0532,adufton19@cloudflare.com,YfzGf6gzem8,Arlette,Dufton,1995-10-24
5b6abb1b-1a2d-44ef-8798-8dece1e66e7c,uhavercroft1a@geocities.jp,WJzxNo,Una,Havercroft,1988-05-23
d81bae0a-afce-4da1-9ed8-6cbfda62b20d,jwethered1b@imgur.com,we09oqgZtg,Joletta,Wethered,1950-02-24
0042fe70-a327-4461-b03a-02e4b02ed468,bmattholie1c@alibaba.com,zmx2O9,Brodie,Mattholie,1952-07-24
5b53b89c-bd8e-4f43-ae06-e260644eb247,wclewer1d@imgur.com,ofSx2i,Waylen,Clewer,1989-10-15
01ed864b-847e-4073-9f93-8118779ec09f,hkielty1e@hhs.gov,0e1m8Fdza,Hermy,Kielty,1956-01-11
849da1f8-7e9e-4e72-83c3-b202a39762f0,jcron1f@howstuffworks.com,nL63ohy,Jaquenetta,Cron,1960-01-01
82d7be32-bb76-46dc-8db8-8e6c32933c9f,khrihorovich1g@aol.com,CM6XTuF,Kippie,Hrihorovich,1995-07-26
cebae2ee-c650-4a30-a2da-802f043cb55e,mkeming1h@gizmodo.com,JjPi1b8E,Minna,Keming,1991-05-04
62b0c3e4-5662-4b2c-b6bb-2cca8d03d68e,rfraulo1i@mlb.com,QWgjMZ,Ryun,Fraulo,1983-05-31
82adefef-7894-40c8-ae68-22eca039890b,pdunlap1j@feedburner.com,2htwgpfmi41U,Pate,Dunlap,2000-05-22
bccad986-3aad-4146-950b-2fc0f6313a27,cgadsden1k@reuters.com,xkZ5U1biA6,Clarissa,Gadsden,1968-07-21
9331beba-889f-484e-84d9-41e65ca36928,bdunge1l@hud.gov,YS3HVtqIOyt,Boot,Dunge,1989-01-04
9f181608-6d44-4186-9a0f-ab0e0447bffb,hwynes1m@comsenz.com,EJXgje8l0X,Henrietta,Wynes,1997-12-31
89a31ab0-8de0-48eb-a78e-6ebb91de74e9,mshoesmith1n@blogger.com,8qYsWaHt3TLu,Margeaux,Shoesmith,1979-07-01
6eb120fa-8cff-4cfb-b39a-7a374eccfe08,marmin1o@accuweather.com,Ee5f87cVtz,Marji,Armin,1973-10-21
f8c13bef-83e5-4614-8414-d2fc3825fc66,rlapthorn1p@pbs.org,CbDfN0,Ruthanne,Lapthorn,1978-01-09
dabd8b9e-dd7e-4839-ad0c-bb4e4cd6e7cd,bchevis1q@illinois.edu,akRmmHw,Barbe,Chevis,1954-01-16
1984af8f-01fd-463b-9ce0-8838fcdc1c19,ebuxy1r@usgs.gov,HedbI0liQ,Edith,Buxy,1998-01-10
0e485681-7f5b-42cb-a17f-efaf0619b4ca,cblofield1s@spiegel.de,jCVFynFII,Chester,Blofield,2001-01-05
f98790de-5488-43b5-a324-6236672f1304,eleguay1t@businesswire.com,qZYbeQ0,Edin,Leguay,1998-09-20
8f008b4e-24ee-4529-8af4-b1c7a082dc8d,hlebel1u@printfriendly.com,H46zt7,Harlan,Lebel,1985-11-29
7be11667-a771-436f-8f51-d776905ccf58,scowen1v@about.com,uucnuNIR,Sile,Cowen,1976-03-14
0c387eaf-79c0-4ffa-8474-182f0d6d56b4,aslatcher1w@de.vu,iJ6WSwMqo6Ci,Arlin,Slatcher,1974-04-29
d823771e-a597-405a-991f-bd54a4fafec8,qboyce1x@123-reg.co.uk,YNAfzyaDDd,Quint,Boyce,1997-12-01
640f7b7e-81ed-4feb-836a-a1d48320421d,mosborn1y@blog.com,iPPnXvBrLB,Mead,Osborn,1961-06-26
d1140a86-d1da-4350-bc03-a8c6449f1fc6,kgiacopelo1z@ucoz.com,1ctfsNjg,Kain,Giacopelo,1958-03-11
f8f7fbf2-0cda-4a4d-85c5-ed0df9714cd4,jpurchon20@ustream.tv,Y0Dwb6L,Josh,Purchon,1965-11-03
6e3c1b1e-0853-4ec8-870b-0bef758f0864,mwhittlesey21@ovh.net,h1rbc7,Manuel,Whittlesey,1980-09-11
cdfac125-37d2-4118-bd35-f381c8e4cbbd,chatherell22@google.com.hk,sgVrRkj,Chet,Hatherell,1952-10-29
7c01c8bf-4119-49ab-8dde-9eef69cb245f,agummery23@xinhuanet.com,a5ZqSbONDX,Amandie,Gummery,1969-04-27
1e1fbd8d-cc99-43e9-9ebc-b2e4dafb506b,agreenaway24@icq.com,69YYP7,Anderea,Greenaway,1987-06-10
10f97356-7d40-47a3-9f29-bfdbeea91e19,fpaddon25@webeden.co.uk,eo8j7lQr3gYv,Frayda,Paddon,2001-03-16
e7fa4804-9a48-4a0d-89d9-48f94dc5a88d,dsauvage26@dedecms.com,I0ecFZXyM,Doris,Sauvage,2001-07-26
7935f8a7-819b-444a-a6d4-59111c9822bc,hroubottom27@ebay.com,c3nG6m2qNA,Hyacinthe,Roubottom,1955-10-28
f4b978d7-1f18-41c9-bd5a-865267e7fd7a,adoorey28@fastcompany.com,w8GZxp7,Addy,Doorey,1996-06-03
563d7b35-4f3b-4c27-80e5-7d6baddb5661,pmatchett29@latimes.com,YpzGGb,Patric,Matchett,1959-05-18
0fc0e1e5-0258-4602-8a6f-2c1c0de1b978,pmowne2a@miibeian.gov.cn,RQZbSBCxYmF,Prince,Mowne,1952-10-14
127bfef5-9946-4c06-acfb-71535002afc2,tdanneil2b@gov.uk,YBYFTa,Travers,Danneil,1950-04-28
dcee0b37-7ec9-45c5-a027-bfaf884bf17a,esouley2c@ibm.com,cS1ECBPixgk,Emilio,Souley,1989-12-03
6f836a75-b1cc-4d05-b2a4-8ec8feaafe2f,mbeharrell2d@chicagotribune.com,O53Uoosn,Mercedes,Beharrell,1960-03-03
6b27d31e-c8c3-43d7-9ca2-c494e54735af,schisolm2e@cbsnews.com,OhruwXdYE,Sibeal,Chisolm,1965-06-29
9fa99c72-f80a-402f-8c3f-e1d89956d404,bbeniesh2f@webs.com,JE9x5NPD,Bret,Beniesh,1956-12-24
3a821d4d-90d3-490e-b37f-abcbf06cf222,rbortolussi2g@springer.com,IYBqNxWfS,Rutter,Bortolussi,1972-02-25
1b906516-bc5e-45f2-ac23-00535929991b,derangy2h@netvibes.com,FvKPysOz1fHo,Debbie,Erangy,1997-02-24
cab42556-ebea-4f66-9c5f-2c0573386a1a,iamery2i@liveinternet.ru,I6eUiaO2r,Indira,Amery,1974-04-16
378d897c-2e43-4369-b1fe-891358c6e72d,epottes2j@parallels.com,Muvwbfi9mi2r,Elfreda,Pottes,1977-07-12
85105286-dd3b-4321-92ae-6ad77102910f,bstampfer2k@nbcnews.com,b5dCPTBv,Betteann,Stampfer,1974-05-14
c24eb7a5-0f7b-43d7-a5e6-dbe8985f91b1,gworner2l@biglobe.ne.jp,Kx7ved,Garrick,Worner,1974-12-17
675725d6-b5b3-43a5-b25c-5c6d66a90500,lfarrent2m@cpanel.net,k9CJWDbXZgb,Lynea,Farrent,2004-03-10
f0a6ef65-3e13-493c-99e4-d2e1a5c99037,pjeffes2n@prnewswire.com,AnIUL1wepj,Pamela,Jeffes,1967-11-14
c00a773a-244f-4884-9c8c-03394264667f,ghubback2o@hao123.com,5BZOIN2lXbns,Godart,Hubback,1987-01-18
b9ad6fdb-4299-4e56-9eca-fc1ee30a5a8d,itreswell2p@live.com,nIMT30zdApO6,Ingeborg,Treswell,1997-05-25
c1f071c9-1726-414f-b756-ef2d4695c8ef,gplumb2q@loc.gov,2lTDIt3z1,Giovanna,Plumb,1968-10-14
d3468ecf-e488-4c22-b7a1-5317cc65086b,rnurcombe2r@360.cn,53ySM9N6Tu,Rikki,Nurcombe,1990-03-31
49ded00b-4955-45b2-9c19-57b80cecbc19,pgrinnell2s@slideshare.net,lA48wi5,Palmer,Grinnell,2003-10-30
9fed7574-00c4-4a87-a580-314fbebf4ede,mromei2t@mtv.com,BIvvVQlqM,Marney,Romei,1953-09-21
28fbac5b-d43c-4766-833f-0ba616c04928,arenak2u@dyndns.org,DmjIMBiQVk,Ainslie,Renak,1956-08-20
7d2c04e5-9694-4396-b9af-6a2b08b0566a,wstoile2v@tamu.edu,kJf1e7foVo,Winna,Stoile,2004-09-17
eb79ee3d-b6f0-4306-82e8-ecca3e3ada35,gcollocott2w@buzzfeed.com,JE8UT0N0,Gilbertine,Collocott,1954-05-20
88cb1c1a-ff33-46bd-8874-a48d1423a86d,jchastagnier2x@cbc.ca,fdMQM2NdtGx,Julietta,Chastagnier,1952-08-12
74a82398-fb05-42e0-a9c0-eab0a8d45beb,iwasbrough2y@vistaprint.com,xc9tAluds,Isacco,Wasbrough,1985-07-18
4babdadf-a738-48b9-af6b-c5767d726531,theinschke2z@blog.com,XyMPaPdsd,Torrin,Heinschke,1962-10-07
1f0a4bbb-7c86-4528-ace7-8c954032ffa8,jmcinility30@diigo.com,VSuu6A,Juli,McInility,1994-01-22
f5b4cac6-c14f-4dc1-b190-82c068abdce4,wpentercost31@topsy.com,TITGAJN,Willard,Pentercost,2002-10-03
2a0d6fe0-9dbd-4efd-8f71-1d5ed8ac2a23,asandifer32@lycos.com,Oq5hpCL6p,Antoni,Sandifer,1991-03-22
e288ad82-3e9c-4d90-be26-0037587d63cf,ivanyutin33@1688.com,RnLpAUAnpmEY,Ivar,Vanyutin,1963-09-23
43bf2e5f-e0d4-40a9-91b6-2cd31704d6d4,mfisher34@taobao.com,2W7Ot8qVFrQu,Mitzi,Fisher,1980-12-17
4d738c1b-6fd7-492a-bf5a-ec4dbaec135f,rattew35@omniture.com,s1VdVMkbpqx,Roxanna,Attew,1952-11-26
73b43ca6-1e39-4463-aa36-f9d5075b8dc3,dfarrand36@sciencedaily.com,ENgJuOOV,Debora,Farrand,1959-12-22
84d49814-d26c-4252-995f-7ee8a4d899a2,pspurdle37@gmpg.org,oOW5LZ1lNJ,Penn,Spurdle,1973-10-10
954dfacc-caf5-4579-a886-5ab0ee06c014,cliddiatt38@nsw.gov.au,WQ2CJsjy,Caressa,Liddiatt,1965-03-07
6b428146-904c-4d34-9436-8dbdccda0cce,asowerbutts39@ted.com,TCod2V4Ap,Ashia,Sowerbutts,1976-03-12
766b5289-9786-45be-9ddb-75451adba95c,ageare3a@uol.com.br,ikG5Dan,Ailyn,Geare,1987-04-24
05245d14-1def-4a05-a1a8-11a0ccdf8634,adiament3b@merriam-webster.com,EFqJdY,Annetta,Diament,1962-06-03
ca33299b-6341-4702-8429-e646263c83b7,esartain3c@chronoengine.com,wEC3GWacSd,Evie,Sartain,1994-06-16
f791b0d5-06e3-4e0d-bdae-7ba1707949db,mtattersdill3d@bizjournals.com,anhrBWf8VU,Missie,Tattersdill,1952-05-18
7abed865-96b4-48c6-80bd-51dcdeae41cc,lburkin3e@shinystat.com,a3BtHm0soK,Leicester,Burkin,1995-06-08
a18ca19b-a6cc-40e1-bf23-b65e586e6625,hspittall3f@zdnet.com,9HA4FQP,Hermia,Spittall,1997-05-22
cb2f4c8f-d17e-40ce-b71f-308a34d4a47f,spail3g@arizona.edu,1bOi8ixK,Sheelagh,Pail,1970-06-26
d84cd6bb-2916-492a-b7de-e976f0b1b550,sdowson3h@apache.org,E2NGzY99,Sydney,Dowson,1963-08-21
b485ecde-9d7e-4aa3-9bc7-32c12400663d,sfrigot3i@yelp.com,5PiTfW4mbbmw,Simonette,Frigot,1995-01-17
60ee7435-c8b2-4149-a5c8-6aeb5086deb7,bbattista3j@omniture.com,X6UDVV,Binky,Battista,1984-02-05
0af327b2-a199-47bf-8fa3-fdbcfd3c0b05,wnolleth3k@thetimes.co.uk,FePLhLU,Wyn,Nolleth,2001-09-19
beef4135-5c3d-42d0-adc4-d33f4d7d737f,dmobley3l@sciencedaily.com,RmKZCg7mZo6e,Dolf,Mobley,1999-06-26
a09d8d46-e8d2-47b0-8241-b357fa1f4165,fbecke3m@blogtalkradio.com,RKo9XNRTCp,Fredric,Becke,1954-10-22
89e2b331-5a21-4a33-a2b5-7921a5a97ee9,arenfree3n@studiopress.com,VDi9js9w9z4c,Ashien,Renfree,1983-06-07
a24a7482-5bdf-41cd-9112-ec6ce2ef8824,plamputt3o@liveinternet.ru,1w3sth,Phaedra,Lamputt,1972-06-11
3972d410-50c5-40c1-afc4-be43ce3b47f7,gdelion3p@dropbox.com,fkUOV0qC,Gretal,Delion,1997-01-09
af86f092-7bec-4270-99fa-7415d368eb3a,rjoslin3q@oracle.com,X8gf86jaUTv,Roddie,Joslin,1954-05-22
5df0f142-8f05-4477-b584-50665aa83729,tcleave3r@tuttocitta.it,eGMmOfjPAXGQ,Tory,Cleave,1992-01-05
7134689e-bbed-4423-9232-aad02da6da06,alerego3s@uiuc.edu,DtUjTsBLI,Allayne,Lerego,1965-07-24
95573cb1-5a6c-48ed-9f88-5e57ad052052,klewis3t@shareasale.com,RPp90O,Karoly,Lewis,1988-09-09
e8faa5b2-1fed-4216-b21d-b3977c4cc0b8,tfranzschoninger3u@spiegel.de,dGrj6eMXcY,Tessy,Franz-Schoninger,1962-06-16
3b340c94-f158-4129-83a6-8f4194f1748b,bbraddon3v@tinypic.com,lKAseS0ocX,Brig,Braddon,1994-12-21
d4c23074-5cf0-467e-8ba6-9536d55d70be,rmarten3w@sourceforge.net,ffJ7WKmle,Rea,Marten,1958-07-21
2b7aa28b-aedf-46b7-96a9-4037b8460016,wstephens3x@tuttocitta.it,dlDQnXreCl,Waiter,Stephens,1999-03-25
2ab6062b-d0f6-4709-bfa3-e7ac76353488,dellicombe3y@chron.com,cXTxhx,Deena,Ellicombe,2002-04-23
6c368da0-1fd5-4328-889e-8aa90026a03e,rrameaux3z@apple.com,QNGJpgIqEdsC,Robinet,Rameaux,1973-05-01
01921ddb-ed2b-4f3b-9d39-362433d6c881,acastledine40@youtu.be,DR3xXDT,Alisun,Castledine,1951-09-02
a4e76d25-8569-4138-a9dc-1a5b1760bf53,stender41@huffingtonpost.com,Hbzkkl132Bin,Sophia,Tender,1980-02-11
d72c0c5f-4534-4b5e-a397-a42b8aa1a5ff,ajarvie42@house.gov,nCpxobUgy,Abdul,Jarvie,1980-05-29
f9f8175c-6a51-41ab-a5c5-4843e59c521b,vgroves43@cmu.edu,q7Rx5h1,Vikki,Groves,1978-01-16
47d8d85f-0fb3-482b-af2a-f3269411b6ec,elovemore44@berkeley.edu,JItk9yAoLe3a,Elene,Lovemore,1976-12-10
47107746-9c7b-44c3-8002-f748caf66ccd,ddegenhardt45@tamu.edu,3e0RBk0wE,Darb,Degenhardt,2001-12-16
44aaa633-4cec-4052-a0ea-16ffbfbad23a,dhowsan46@bravesites.com,9ZQaaFZna,Dalia,Howsan,1982-08-17
fb4d1366-4ed0-4ae3-a234-4cd9b10378f3,gwildbore47@nasa.gov,oxhFBrRQ,Gavrielle,Wildbore,1955-11-06
bfbeadb7-771f-462c-8714-ffa4876d8a41,jgamblin48@soundcloud.com,zhOoCExx3jK,Jenifer,Gamblin,1952-04-28
88979796-972e-482e-8067-0b70dabd1d15,bcroston49@chicagotribune.com,oW7cbutQr,Barbee,Croston,1950-09-12
7bec4471-12a7-464d-90fe-d95937120197,ebethell4a@elegantthemes.com,loJrVtX,Elene,Bethell,1953-12-31
09fcbda9-5e77-41d1-b40e-d1a56fafc202,lstratford4b@storify.com,HFM0RG,Lynett,Stratford,1981-05-23
199d1553-d53b-4106-a093-37e8597d4695,dcoppo4c@acquirethisname.com,ylndAKh,Duffie,Coppo,1982-06-03
2b79954b-2982-407f-aa88-001ac1c2b8db,idymond4d@wikispaces.com,2YwVmDqj5,Isis,Dymond,1993-06-23
dae9c860-9a83-40b8-9fec-715c8d25b172,erottenbury4e@ucoz.ru,SNLz8iu1,Edouard,Rottenbury,1972-07-31
26ae3072-4b67-4612-b031-efc384d5caa6,jlauridsen4f@hatena.ne.jp,8whWuI1H,Jourdan,Lauridsen,1956-06-30
7bd1f667-b609-4e31-85eb-87374f6fbd6b,jcobden4g@fema.gov,mXP4Kkg2pmVA,Jon,Cobden,1997-01-01
6b33b851-cc29-4ae0-847d-7d343d038bf8,gscobie4h@networksolutions.com,vU3l72jv,Garrik,Scobie,1994-03-16
3123b3b8-616b-4ca1-9e02-764e87b678e4,hcarnell4i@intel.com,KccMJTlI,Harley,Carnell,1961-04-07
a950ad20-f4bc-4c13-9717-e978ec8a8f6a,rmcclymond4j@squidoo.com,o6iNSZySUNY,Roz,McClymond,1970-12-03
c75e3577-be8d-47b0-9eb9-ea06051107f9,mderrington4k@nps.gov,02je6EFyIunP,Misti,Derrington,1995-07-25
95a587e2-261d-4ab6-a5a4-9fdcc8e5be55,jgillions4l@edublogs.org,kL2kdG5ZM,Jacques,Gillions,1953-10-12
830ae950-2c6e-4012-8b48-2369441442c0,cscamerdine4m@vimeo.com,NaWWp5rs,Cornie,Scamerdine,1958-12-04
a85a4eba-adde-4022-b570-ff908234d259,lhaggus4n@gizmodo.com,SzVYsL0,Lorilyn,Haggus,1960-07-31
054839e4-59be-462d-9095-483ceade8002,skordovani4o@economist.com,G8Qe6Gqh,Siana,Kordovani,1951-02-28
4eff1fdc-2b78-4548-8b20-05a9f05111f7,rbubeer4p@yellowpages.com,IVw6S8vew,Reggi,Bubeer,1992-08-16
7c56bc4e-c4b6-46c2-9aae-a2f64d4127a4,arasp4q@wikispaces.com,MyBdrg,Adela,Rasp,1956-01-23
7e99f602-3855-446d-a930-c3c37ef817a8,dshearsby4r@soup.io,YlsRxlRT,Dani,Shearsby,2000-07-28
be31af03-6004-456b-a921-702a3467aae7,ocrawshay4s@goo.gl,OBxVqVH,Ozzie,Crawshay,1963-11-16
c0a6a7bc-c76c-4e19-92a9-3f2e115f0042,gmaddyson4t@eepurl.com,fo7FEonBlg7H,Gregoire,Maddyson,1979-07-28
9dd9384a-9a71-492c-b5fa-9dd11e139ac0,mgullen4u@deviantart.com,HbZ1Oiw,Minta,Gullen,1976-01-07
0cbb1024-63d6-4414-9117-4251d291264b,jtait4v@cdc.gov,7sOArt,Jamima,Tait,1970-09-02
e623aba7-f435-450b-86b7-ed9eb753c77c,jstorrah4w@telegraph.co.uk,gTaMtUayeGLW,Jaime,Storrah,1958-11-27
561f0537-b6b3-45b6-aa16-368981337f49,gwhybrow4x@bigcartel.com,cdFahHK,Gloriana,Whybrow,1974-09-15
f03a4689-62a0-400c-aa07-9e3fd9f2fb60,mlye4y@army.mil,soTMXcJi8W,Maiga,Lye,1974-06-01
5a9c1aa4-92ee-4621-aac9-5032bf13a577,kkitteridge4z@usatoday.com,u6ALJGUqbOv,Kaitlyn,Kitteridge,1972-02-04
eb20664d-d7ec-435d-aac1-03213ca0454a,lburniston50@abc.net.au,1Pbtkb,Lester,Burniston,1982-12-19
944c8672-8d78-4e2c-8200-1636654bae74,cwillgoose51@weibo.com,zNWyYbLfplC,Chlo,Willgoose,1970-09-13
2495ccc8-4039-4946-ab32-5599830cb2dc,ebiskup52@mediafire.com,lQoCEIl,Ema,Biskup,1990-03-16
69fe0711-bdc0-4aef-aef1-b960710b31bf,rrichford53@goo.gl,hNK9TMW9,Rasla,Richford,1977-05-04
bc1b82a3-9c7d-4387-87d5-e981612e0872,gcorbin54@ebay.com,DijbsQ2W,Gratia,Corbin,1971-12-06
ea49b1c8-b69d-4c6c-877f-8a62bfddea36,fkruszelnicki55@tiny.cc,tB2fqGp,Frank,Kruszelnicki,1973-11-04
5fc3f470-c154-400c-9591-10de55aeafd5,gmaccollom56@cyberchimps.com,OmY5LQxL3,Gunner,MacCollom,1951-04-02
0a97a500-52b4-4ea8-bddf-40013de6fec0,sjillins57@mozilla.org,Ny3dBXZzSiCV,Sadye,Jillins,1965-08-07
b0d80e36-1ca0-43ce-b9b1-301d389e3677,sheinsh58@tiny.cc,EmGzcSs,Sophi,Heinsh,1960-01-03
2da1e70d-ff7d-45eb-a6bc-9342bf6827a7,tmoylan59@fotki.com,msx45WZIK,Todd,Moylan,1967-10-22
fc2de35c-6da3-4bf0-8b15-49eeb1515817,agraundisson5a@ox.ac.uk,bUzycVvlwT,Adair,Graundisson,1957-10-22
b6add939-9e1a-42ac-863b-d7dc34b0348d,dthrussell5b@tripod.com,Nxc23ilVs,Daren,Thrussell,1951-09-26
7d2ef7a5-9441-4b80-8961-4d244d414b89,jedwardes5c@ameblo.jp,0bIm0BJMio,Juana,Edwardes,1975-09-07
65b0df9a-4c44-4cf7-a0bf-742ae36f992f,ccuesta5d@joomla.org,ApBWKFq,Conrado,Cuesta,1995-09-26
48afdc67-e37b-4f60-a3d2-afcd4f546b18,bscone5e@fda.gov,zJlk0bfw,Beaufort,Scone,1965-08-18
926eca27-8e09-44df-9036-ec5397865477,tserraillier5f@hibu.com,EB56Rm0,Toinette,Serraillier,1957-11-26
dde61fa1-dd46-460e-bfc9-ac52798d25ae,rbullen5g@illinois.edu,RQZRAr8H9tVp,Royal,Bullen,1977-10-18
aeabd4e7-db88-454f-b308-30cb9ca5c7f1,ayter5h@ucla.edu,YuTZtgOZzQU,Alejandrina,Yter,1988-08-18
d5dcec86-81c2-4f95-a75e-6ac8c09c16cc,mpickerell5i@weibo.com,fg7GUXKIcma,Maurits,Pickerell,1976-01-30
3233df5e-af19-4807-86f8-60a7f5677def,abirrane5j@statcounter.com,dE7P85Sj,Abba,Birrane,1950-09-08
924fdcca-eb78-494f-ae68-f8499acc3778,khorsewood5k@jalbum.net,lAMJlu,Killy,Horsewood,1956-07-18
1b0eeb6a-7867-43a6-8481-4a428a711308,mcrow5l@pinterest.com,O66lTfy16WX,Merilyn,Crow,1982-02-19
a3e91f12-8e33-4d3c-98dc-fb462909b4a6,aruberry5m@oaic.gov.au,FCrrVURc,Appolonia,Ruberry,1998-04-24
5228df8d-fcc0-47b2-a6dd-fb8be2b23dda,sfearnley5n@latimes.com,0P20SFRSOHSa,Scott,Fearnley,1962-06-02
0ec5676b-f4dc-4a89-8eba-84bf66c0be2c,ngenicke5o@studiopress.com,Z4ejMSVa8,Nannie,Genicke,1950-05-31
f351120a-8ebb-412a-9478-f2b9617a0d36,ygaywood5p@illinois.edu,88OlOcH,Yankee,Gaywood,1991-09-04
f5c0e48d-2231-4351-be0b-429019815611,farias5q@dell.com,nHkwOgJXvcBA,Falito,Arias,1961-07-28
641e39f5-cf37-4a54-b6fd-2c5d8ddceed3,ckippling5r@unblog.fr,07FLaYOYzx,Caritta,Kippling,1997-02-05
55edb0d7-9c3a-43d3-b35f-284495feec92,kadamovitz5s@businessweek.com,begjamRIsFU,Kane,Adamovitz,1958-07-02
a9c1c6f1-847e-4b6c-8b7d-3b87a2d876a2,egreenhalgh5t@tumblr.com,FUFUQP1kE,Evelyn,Greenhalgh,1990-11-04
5c0be299-36ac-4e6d-aede-d3efafc8ad27,amelmeth5u@vimeo.com,FIm9ZSPKG9Jz,Atlante,Melmeth,1963-12-07
eadb49c9-6d86-4d63-84fb-b678b6b90367,dabrahmson5v@domainmarket.com,ipJvai4YtDw,Dulcea,Abrahmson,2000-05-20
01dd2251-8572-4ee2-8ae1-d05f90267ee8,kbooij5w@yelp.com,ZOm6yS09Wv0,Kitti,Booij,1966-10-16
a83b526b-4097-47bd-83bf-d12c93b1f882,sharrill5x@cocolog-nifty.com,QzR52pEhQ4T8,Sibley,Harrill,1954-11-25
fe3615b7-e5da-4fba-8f7e-48cb44513573,ksneyd5y@reverbnation.com,fiyHHM,Kath,Sneyd,1973-12-09
977f8f80-2a85-465b-bcf3-b0a4f761d5cc,gney5z@gov.uk,zAHHhQlgzBT,Godiva,Ney,1961-07-04
f2d44331-9f5d-4681-ac8f-197309475b50,amealand60@google.ca,gt8z7QFLR,Amelie,Mealand,1983-12-06
d3c9118e-f941-452e-b504-18b17bb5923f,gseedman61@hc360.com,wQmO0pReKPF,Gwenora,Seedman,1959-02-28
f14e0fff-386d-4777-8b4b-b0873d87780f,blangan62@lulu.com,UZP4KPOhzIwG,Bibby,Langan,1983-06-10
8f800304-2534-401a-b0d1-b657addea274,zmcsporrin63@artisteer.com,TBRyKlKN6h,Zaccaria,McSporrin,1970-12-26
a3325df1-24e4-4c5b-a36f-6d99b28594b0,lwackett64@infoseek.co.jp,99PVpqRMz2XP,Lavena,Wackett,1978-12-28
2fac8134-9c93-4246-b96e-108d6acf587c,cstracey65@techcrunch.com,rZNM4X,Carson,Stracey,1960-02-29
779935aa-06c2-485b-98f7-e0d014777423,knorcross66@ftc.gov,GV7Ksr,Kary,Norcross,1972-02-19
397efb6f-6781-4897-9ff2-0b77130d0932,kbradane67@51.la,YuQ7jGuGvCB,Kincaid,Bradane,1968-12-10
d1b4eff5-925c-412a-8996-1614d3ef74a4,ltindle68@globo.com,gGWgmzc0RrP,Lefty,Tindle,1993-02-11
4feedae8-f070-4e14-875e-4456ce509ce6,gnares69@mayoclinic.com,likEy4,Georgie,Nares,1996-11-04
3a9ad38a-acc9-47f3-9c33-558d60ec3aeb,rascroft6a@dagondesign.com,mmiKI7fXgPBy,Reginauld,Ascroft,1971-03-27
c7b4b9ad-72e5-44b9-84f1-b4200d1a29ec,slardge6b@ow.ly,Kixcw0h,Siusan,Lardge,1968-08-14
1500ccb4-cfcf-4258-8d88-a8d047a85a1d,gplues6c@storify.com,jiw31I3ptM9T,Gale,Plues,1952-01-09
2f8839e8-d7a5-422c-90d5-84e488a3d4ab,jcollop6d@desdev.cn,2TgJgXOe,Jessey,Collop,1952-09-18
8f46b5eb-59e1-4461-93c3-bca364449372,aloins6e@gmpg.org,uyBBeczO,Anna-diana,Loins,1995-07-10
bf67b474-2986-43fa-8101-080f0bde8474,pbullough6f@prlog.org,6dIufL5X,Parsifal,Bullough,1974-06-02
479e9061-f515-4d2b-a32f-e2f4b2bcf686,cdeniset6g@ycombinator.com,1nOCZz,Cristian,Deniset,1986-04-16
96aebb49-099c-411c-a52a-9224b6b43ac9,bogara6h@last.fm,erxm10U,Barbabra,O' Gara,1984-05-22
e11158e5-065b-4a1d-a411-63aeda8b17b9,dwhanstall6i@vkontakte.ru,0AbLjsu2FE,Dieter,Whanstall,1969-12-20
7a9b502d-c132-4cd7-a5a8-ffa75f7a6b70,cduferie6j@networkadvertising.org,TckiwN8k5q,Cammy,Duferie,1979-04-05
f50d8064-4dbb-4670-88cb-7961163ce4e2,jbaldi6k@paypal.com,ahaWg9Xut3R,Julio,Baldi,1989-02-24
f1008d7a-89d8-4fbe-b410-903adde23158,hcoxhead6l@comcast.net,OSpGSdHC7,Harriett,Coxhead,1977-03-09
78b592c7-cf10-4345-a4b2-72f8a386bcd1,swestell6m@craigslist.org,2d3s3zmjblfr,Shamus,Westell,1951-06-21
ff60c9ff-c64b-41ab-9543-2c83e8c04bb5,sgodier6n@statcounter.com,GYHeL9iPB,Sherri,Godier,1966-09-06
9cea1bcd-9036-49df-b60a-55df072d64a8,mpobjay6o@moonfruit.com,2ix1GFhzl,Marley,Pobjay,1964-11-16
501bc93b-3068-4598-bd32-500547ecb9bc,bdelafont6p@ucoz.com,v8HOIrZHmfxv,Beatrix,Delafont,1976-05-31
748eb190-f18b-412c-ab3e-c1d685823728,mpoletto6q@hp.com,qIqwe48J6oK,Mirella,Poletto,1975-03-08
0105643a-9166-4db9-a4e3-495c8755a635,inurse6r@vk.com,M3SJZsqq2WS,Inger,Nurse,2000-01-09
8ef87f06-0d70-467e-ba67-70cbaa78d5ac,tsicily6s@washington.edu,01T6HwWYj6,Ted,Sicily,1997-10-24
083653cb-5c0d-4f11-8d35-7b3bf23bb7c7,dstein6t@digg.com,GNkwryT,Dixie,Stein,1981-12-09
c5258599-d3ec-429f-a000-a7f92045a067,dbilles6u@java.com,hFtRZo7NAmwE,Debera,Billes,1974-09-19
7ade09fc-a71f-480d-a4d2-2ac082e08978,dclayhill6v@dion.ne.jp,ug0Svg7,Dennet,Clayhill,1962-07-30
e5228ecc-d12e-452a-82e1-4f5a98da8a4c,dsantacrole6w@who.int,gNgyahAUeVMy,Darrel,Santacrole,2001-06-22
93c2cc02-6152-40ec-abe6-ca391553c7cc,dsains6x@state.gov,ySfV1BZ0D,Douglass,Sains,1971-07-18
55bff233-7e1c-4fbd-affa-6a4f03b4e9a4,jgrimshaw6y@1688.com,3pTgayBd6dK,Jacob,Grimshaw,1978-08-29
a101b2ef-4d00-48eb-98ba-c990b9438a5e,teaseman6z@blogger.com,PYkuhhAAt0cU,Tierney,Easeman,1981-04-20
1a040b8e-90cb-4498-911f-39a0db3bcb24,dhuckle70@salon.com,tKprCq8,Dido,Huckle,1962-10-06
618da570-14a3-4e18-8e63-2d12138809f5,apavlik71@theatlantic.com,ZeBEZnRHr,Allina,Pavlik,1997-11-15
a5205a67-78e1-4f8a-a4b1-46135ca7c2ae,aauguste72@columbia.edu,l4C1xa,Alexa,Auguste,2004-01-25
82a4f6e2-71ee-4462-9b50-fff392902bff,gheath73@blogs.com,CT2RjSn,Geno,Heath,2000-03-30
ee8699a0-f2ab-471e-8ecb-de58a3403ce6,zschule74@networkadvertising.org,d0dHV1yneX6f,Zebadiah,Schule,1952-07-11
921720eb-3049-4965-b9f0-9c7f3f7233f3,plake75@prweb.com,o9CbIyje,Paloma,Lake,1995-12-14
b1184123-dac4-415a-a291-69c3817b0e2b,dslack76@slashdot.org,j4gEtuDrS,Don,Slack,1959-06-03
90e39583-fc47-4eab-bab4-0d5b0cc380a3,yrosenbloom77@cargocollective.com,Axq22bU,Yvon,Rosenbloom,1996-07-13
a6020240-016f-430c-bf8e-80d7a8f04997,ewillmot78@booking.com,eM6LHrIJ,Edi,Willmot,1994-08-25
e56841ab-278d-431c-b593-b82eedbdbac0,mflores79@xinhuanet.com,DrSUNj,Marilyn,Flores,1973-02-10
f5b94b7d-b4f5-468a-84db-2d4be9d83e0d,trubinsztein7a@cornell.edu,CztgqD7,Tove,Rubinsztein,1973-08-27
14c8a9a2-5fce-4d4b-8637-b84cae5494b2,maxby7b@miibeian.gov.cn,vmVHXmY,Myrle,Axby,1997-02-23
51b6f721-5883-4930-9ae8-5fbdd19a021b,hianelli7c@woothemes.com,sehMuZrsM,Herby,Ianelli,1994-06-03
1527b2b0-fec1-4a65-97fb-59d76c02690b,ppratley7d@bizjournals.com,VQTHL3HomqPi,Paola,Pratley,1963-01-20
9eeee0c4-47f5-49c0-a074-10d3fad32872,unapoleone7e@diigo.com,jBqyEKzxFh,Uri,Napoleone,1974-07-10
df5c1a5a-077f-4ddb-89d5-11d7063130ae,vbateup7f@ehow.com,7wOMUUGDuH,Veronike,Bateup,1990-07-12
034c060b-b212-445f-bb48-2f387b1b4f90,ybaugh7g@altervista.org,oDdFP0SREW,Yehudi,Baugh,1990-11-28
5c0668b7-b22c-4914-9260-349d028980b3,nloade7h@addtoany.com,OhcGw1s,Nedi,Loade,1958-02-17
956e9d61-7e75-434b-86c0-2c956468bf2e,fmeneo7i@last.fm,nji3s1WKxXJw,Ferrell,Meneo,1978-08-14
cc2559f7-5627-474c-b7e8-6ed21a75b163,olonie7j@boston.com,jsT07e,Oneida,Lonie,1974-10-09
40703d3d-3d41-467b-8b25-599ff25a5ac8,egrafhom7k@biblegateway.com,PZ894PM,Etta,Grafhom,1985-05-14
6cfd03fd-08d8-4590-b8a0-3a7fe4f7b2be,rgarstang7l@answers.com,KbmpqGRfea,Rachele,Garstang,1991-01-08
cc3aac97-b18a-4fe8-8b9b-020724a3fb80,becles7m@phpbb.com,ooA9V8C4QU,Beverlie,Ecles,1989-07-18
1320d476-bb4d-4294-a185-da87bfd12c39,jcorneliussen7n@unblog.fr,GBxYvw,Janifer,Corneliussen,1993-03-16
b25afa8d-f35b-4606-8348-d75392737e93,bgetten7o@tinyurl.com,whxZ6b5,Buckie,Getten,1989-12-11
b827906d-f46c-4128-b10c-81ba1e48524d,lmassie7p@networksolutions.com,jjxBbrA6eKs,Lane,Massie,1953-08-25
375e76ec-dc2d-4027-b0fe-02de6544d99c,kbeall7q@webmd.com,pVNtS7Y,Kristel,Beall,1975-10-28
769c2037-4725-4a44-833a-a668b39e3acf,wtwelves7r@boston.com,EGwPiXJ,Wilek,Twelves,1962-09-17
4241e9c6-7ae9-4238-91a8-654b385d5e11,mbentham7s@ow.ly,2u4zyb7xvcx,Marya,Bentham,1995-07-05
6c62ad89-ae3c-44bc-9ff1-43084ba4bddd,bbrunel7t@usnews.com,IvMpnRVODL5,Bo,Brunel,1995-05-03
8a74fb48-723d-410a-b24d-4ea9f3085aeb,orydings7u@e-recht24.de,zTtqt19,Ophelia,Rydings,1976-01-18
437aae13-5a69-4684-8fc9-6681e578be8b,erobbel7v@jugem.jp,8oHfqDqvtadD,Emmett,Robbel,1996-07-15
8c2530dd-0f61-4b9c-ac21-309ec13635ae,gsimm7w@yellowpages.com,C2IW0i,Gail,Simm,1963-03-08
93ec2583-e33d-4f76-a267-2efca0d5c5b5,kparnaby7x@shinystat.com,Cj9Yr3z,Kalvin,Parnaby,1974-11-02
4fd2c009-e7d2-4e3f-a744-8e3caa67dc2c,openddreth7y@theglobeandmail.com,knJ3uL,Orion,Penddreth,1958-01-21
6630bb58-5187-40c3-9ee8-02698a182adc,rjorgesen7z@answers.com,AQfnHndDO,Rosanna,Jorgesen,1962-03-13
04e32708-a276-4479-ab89-452cd1c45b20,jdecastri80@answers.com,rvIwUeW2,Jamesy,De Castri,1985-08-03
d8fc943f-476e-48dc-819a-9fe763a77eaa,jmarquis81@ning.com,IKVq6hi,Jessamyn,Marquis,1995-04-29
fd22fa21-74fe-42aa-9f3d-da921629c4a6,bmorison82@mit.edu,n8Nf5ilt,Burnard,Morison,1975-03-08
ca5854f4-70fe-4d2f-adf0-3812bbc57740,llevitt83@dot.gov,THnOsazY9iWT,Lilith,Levitt,2003-11-06
92274f69-5c18-4e4d-bd62-f54d25c41ab3,pfiles84@ed.gov,GNADfv,Paddy,Files,1997-05-27
d5cd4d6f-6cc4-4a13-a22f-3c77901405e8,smarchiso85@ox.ac.uk,4cnTRTbU,Silvan,Marchiso,1961-07-10
e0aaabbe-76fc-49eb-a857-04b5df2d4ee8,lbick86@boston.com,0Sq9XkRD,Leeann,Bick,1965-11-19
9e7887e5-f159-416d-87a9-30ad323adede,dburrett87@yahoo.co.jp,cJcU1lJczbh,David,Burrett,1973-10-19
7b38df5b-59fb-456e-94ff-0acf33644ef6,fpablos88@skype.com,z2RoZT,Fabiano,Pablos,1993-07-20
afd668b6-460b-43fd-aeaa-e20db2414593,modoireidh89@bravesites.com,mUMe7AgnV,Melisent,O'Doireidh,1977-04-23
99e65866-c68c-46fe-b659-acc6b15516b8,oeakens8a@seattletimes.com,f7JBE4TCG4E,Othello,Eakens,1995-12-29
bb07a8f5-969e-4386-9736-ccd8b4ca7b1d,fhenriet8b@chron.com,el60Zq,Fina,Henriet,1973-10-03
cb1f2258-447c-4138-a8f4-439ed1758c52,tharwell8c@storify.com,Wi4njRZqj,Tait,Harwell,1993-06-13
1a754923-a22d-4405-8d1a-a36fa9ed0b3f,sacosta8d@china.com.cn,MBcAHj2qzOp,Sheryl,Acosta,1972-07-06
a5c0b1b5-d7aa-44aa-ae61-17ae41774c2a,ddudmesh8e@businessinsider.com,FErphnT,Derry,Dudmesh,1999-05-29
93543ede-c2d4-42e8-b22f-f09689387bbe,lhiggoe8f@hatena.ne.jp,HGMHRO,Lucais,Higgoe,1984-03-17
d0c124eb-8de1-4f95-9bbf-6cb84cea3bfa,wdraisey8g@artisteer.com,zne6RryRPyPz,Wynn,Draisey,1980-06-15
02b8a54e-eb2c-47fa-bb43-e4a6681c7335,lbonifazio8h@ucsd.edu,fYHl3fcazSX,Loralee,Bonifazio,1952-08-05
a7b33699-bbf8-4801-bbb5-aa2c2c642e36,gdunsford8i@nature.com,jih1UZNz,Grove,Dunsford,1998-11-25
b079b466-0c0b-4ee7-a617-7eb00dcdb5a6,jescoffier8j@cargocollective.com,FTRTaf4amdT0,Jorie,Escoffier,1968-05-14
ff72c7f1-d623-418a-8440-26b8791afaf4,sstrathearn8k@tmall.com,xAfwyY6,Steffie,Strathearn,1993-04-23
3e498a9b-52c9-4d3e-8872-ed32f6fbc894,dbyram8l@google.com.au,ykCt7ns,Di,Byram,2000-04-09
9f684e80-ff81-45a5-a5da-23fec048b93f,idutteridge8m@jalbum.net,3D6UmV6cHLAK,Ilse,Dutteridge,1989-06-26
361b6c17-666b-4f70-b2cb-67425b3e857a,ehaggett8n@dedecms.com,brGW39zHUfG,Ellerey,Haggett,1991-08-12
e9646009-28f1-4249-b729-6fa0ff5a7d8d,rlicence8o@epa.gov,ewlGUAjl,Ransom,Licence,1993-07-09
ab52074d-95f5-413c-9f97-b8d4c4032ff4,aedgcumbe8p@vistaprint.com,yGDYoL,Arie,Edgcumbe,1972-03-22
18a4ae8a-3717-4250-ab69-b5601ce1585c,apearle8q@china.com.cn,xzJPzOY1,Austina,Pearle,1984-02-12
685b3306-8617-4e00-a1c7-7286fd6a429e,cpeakman8r@imdb.com,qMgGGHEc2Nb,Chad,Peakman,1999-09-10
f5d68ccd-b046-481c-9d0d-18d3f4e8a6b9,anisco8s@shop-pro.jp,KPXomzO4Tb,Aldous,Nisco,1955-05-04
29a6cd0a-01ad-4cc4-92e9-b17370bef057,rhevner8t@deviantart.com,4eqY5JSy,Roderick,Hevner,1957-09-10
94992fbe-f0cd-417e-ac63-563e12520ed7,rgouldstraw8u@japanpost.jp,VtH71UJOkb,Ricky,Gouldstraw,1990-07-14
52cce118-1c1f-4b26-8a5f-29db5679029b,gvowden8v@noaa.gov,iSnokOMMv,Gail,Vowden,1955-01-23
eabf29dc-a86c-43cf-b6a4-14acb2107be0,hberriman8w@huffingtonpost.com,SN4Cdla,Holly-anne,Berriman,1979-02-04
523905fb-602a-4d8d-8d82-6df9c1664e5f,recclesall8x@shinystat.com,TwIjZTSWk,Riva,Ecclesall,1968-07-28
49db8bbc-b459-4100-a9d1-558165d807d8,bimpy8y@addthis.com,9KhJ9V6z4,Bo,Impy,2002-06-17
18d9e487-3015-4f9f-827b-d0511ac1d88d,vborges8z@redcross.org,hZMwADboMN,Vinni,Borges,1963-05-24
23fad32e-f4ee-4b7d-b5f8-98d5b3674f56,mvasiliev90@tripadvisor.com,yk2Bb8hM,Meg,Vasiliev,1971-10-27
acefe32c-5f80-46a4-973c-db3e0faf4910,afoot91@usnews.com,c5hP9Lkj,Ari,Foot,1958-06-18
e19209de-8b42-436f-a47b-6e4b1bece447,galmeida92@gizmodo.com,bWSrYSckaRx,Goldy,Almeida,1993-06-07
87e2e037-d183-4743-b0a1-5d923b29e955,kborit93@about.me,CdUwarr1g,Kally,Borit,1989-09-29
5a2e262c-1c0f-4211-8e51-fecd7512ebec,lbathow94@blogspot.com,7bEUrJzti7,Lorne,Bathow,1982-02-16
af087dbc-a15f-48d5-97d9-b2770a824602,rraggitt95@apple.com,FXM7ZzYy,Rouvin,Raggitt,1956-01-01
17b64732-5983-4ee2-a69d-5774737f5250,mcollinwood96@arstechnica.com,9yux4r8ow,Mickie,Collinwood,1971-04-13
42ddfedc-f62f-4310-9295-b5272d1e12f5,dveck97@sohu.com,hOYuhcc,Daven,Veck,1959-05-07
253eccd6-1034-4294-87a7-2f92e45b378b,rocurrigan98@technorati.com,RrvcEg,Rodd,O'Currigan,1951-05-20
74b26cc9-d01e-445a-b002-58055bce22c9,fcoulston99@buzzfeed.com,mZOeMFEpctTY,Frederigo,Coulston,1951-08-22
13dfed66-8a66-44db-b290-adb19a2a76dc,alosano9a@psu.edu,JW1BAOgcQd,Abdul,Losano,1971-08-04
d4ea8b73-d0d3-49dc-801c-1e80186ce7ac,sbishop9b@cnbc.com,7o43y4vvmV7,Schuyler,Bishop,1992-06-25
0522e673-52af-41a9-8266-c885de71d730,sloudiane9c@bizjournals.com,hCH7WCK6,Sean,Loudiane,1963-03-17
ce32dd0a-912f-4747-a28b-8b63fa8c5714,ipywell9d@ehow.com,37huto,Isa,Pywell,1966-06-15
9e9abd43-2810-4f8c-aaab-9bc619456e69,brosin9e@wsj.com,5lRRoPJoDoD,Brook,Rosin,1968-01-31
008f186e-e6b4-44c0-937f-44b402fd916b,stalkington9f@mlb.com,PkkQrVVFjTte,Silvana,Talkington,2002-09-28
d60fd537-a069-465b-b269-a247ec1ce62d,tvernalls9g@virginia.edu,VcT2PyjN,Thomasina,Vernalls,1987-11-22
0c7b5300-0e63-4c30-8603-78cf720a6d45,amelwall9h@weather.com,pFhGtVvHH,Angeli,Melwall,1998-05-04
53248969-f87c-4848-ab8e-da5debafe3b8,lswindell9i@sourceforge.net,YldeCkk,Loydie,Swindell,1950-03-09
a6b3d3e3-a564-4633-8206-a8d3cdf57d4a,vashlin9j@ameblo.jp,d2VRkuZ,Valma,Ashlin,1980-10-30
605d85e6-926b-415f-ba97-0e62b0350714,mpatty9k@posterous.com,NBbjDHZVg0b,Maximilien,Patty,1954-12-31
8eb942a5-5953-4e25-aeca-4395286c30c1,ejakubovsky9l@w3.org,5wdQkIYP,Esther,Jakubovsky,2001-08-05
e3f6d8df-bdde-488d-9262-ebd1e71d7b1a,mbackes9m@ebay.co.uk,EYGKMcRj,Madelene,Backes,1998-12-10
87acd733-a525-4bfa-8ee6-af63a5fdb686,fbessett9n@vimeo.com,jE4rhZTnED,Finley,Bessett,1991-03-18
50e16e4b-64f2-4c65-b008-6a823eed3270,redgeson9o@time.com,ySanTlC,Rowney,Edgeson,1955-06-04
2d755d1e-6bab-40e3-920b-3c55de112f17,ccolbron9p@blinklist.com,9fEKy8ie,Cozmo,Colbron,1955-10-31
86fb0d90-b35d-4a7e-8770-5c1c730519cf,smangeney9q@yelp.com,FeW2hiGh,Sile,Mangeney,1984-03-05
137615fc-9ee3-4255-b0ce-84bdaa1f5367,pmackrill9r@timesonline.co.uk,EtX0T6cxo34k,Patrice,Mackrill,1982-04-09
c2c16d5a-345d-4582-aeff-f63280205f55,chartshorn9s@apache.org,ZXUSC4kF,Cornela,Hartshorn,1963-03-19
ab747454-bc6f-4e11-a227-d3ccf90d2318,kduchasteau9t@about.me,ivGLNeZMdg,Kiley,Duchasteau,1986-05-07
5377ab26-a712-4f1e-adbe-306e85e9e6cc,aransfield9u@bloglines.com,eRIIPl16,Antons,Ransfield,1979-08-15
b19d3724-ab8c-4ea3-a6b7-d356a3d6ea8c,rcannan9v@hud.gov,SNSpeTglQV4z,Rosemarie,Cannan,1954-09-12
fac86167-c083-4034-bd83-7b6ab0d351a5,bgavrieli9w@yale.edu,Z4od3cjHG0r,Barbaraanne,Gavrieli,1977-01-30
46c4e40f-3487-406e-98b9-11c261d4fb0a,mibbetson9x@wikispaces.com,1Wm3txOpPQJn,Monika,Ibbetson,1999-07-22
42e56941-6921-492e-834b-9379aa5fb85d,gmckelvey9y@geocities.com,cYMbZo,Gilbertina,McKelvey,1962-05-27
3664c4e4-c5fe-486f-bb7b-ea1b0ad00d8f,ctoffanelli9z@telegraph.co.uk,sGreGPs3fd,Constantia,Toffanelli,1999-08-07
bc3fea5e-86b9-4990-a7d5-94048e7363d4,anovkovica0@imgur.com,zCFlyN8IKK,Alexandros,Novkovic,1976-10-26
653e2173-391f-439a-a54f-f5bafc1e3bc4,fmudda1@jigsy.com,RzPAekAXlkJ,Felicio,Mudd,1980-07-31
b6954e15-907e-4aa9-b0b3-702fdb771bf7,nterlindena2@kickstarter.com,QAe28Heo,Newton,Terlinden,1971-06-06
269e697f-a134-44b9-a03a-9386629d7a91,cmcnellya3@hostgator.com,u2ja39,Consuelo,McNelly,1992-09-17
d10e2dd3-6f8f-4f9d-a7d4-75726e702d08,hpichana4@technorati.com,wCCI8yoj5,Harlen,Pichan,1968-07-09
40843bbc-5e61-4191-bdc1-ec78ae5699f3,cstickellsa5@si.edu,OIuc3F8,Consuela,Stickells,1998-01-02
c24623a1-7ece-404d-84c4-ddbf24ae6049,hbarsona6@github.io,zGhT0TRX,Haley,Barson,1990-04-29
e21bf573-fbc0-4aab-8a30-643e908cdc3e,tschwerina7@redcross.org,NJMWPbgM30S,Tanya,Schwerin,1989-06-21
f10d65b1-76ec-49f5-b4fb-62aa4c46ad91,lbrumptona8@archive.org,IC6IudVy4KGZ,Laurens,Brumpton,1986-03-06
08055f06-8ce4-42b0-aed4-a11e38002188,venrricoa9@surveymonkey.com,nLJZEi056F,Vida,Enrrico,1955-09-28
589815b7-ff89-4539-8818-fbeb84896378,thardsonaa@aol.com,g4Gnk9UlJ,Torrin,Hardson,1978-05-24
78142018-516d-45ea-a3c6-7fc656e4b541,hharbachab@livejournal.com,f7uUniKLhzqn,Howey,Harbach,1969-11-08
f125ddec-a603-424d-9d19-90aa794fb219,mtimperleyac@hp.com,v7NXBarKFa,Matilda,Timperley,1966-07-13
875ce678-bab8-4b14-8d82-3a8d33f8f00f,bcrowtherad@sciencedaily.com,A9KnPSeJzWN,Benyamin,Crowther,1978-06-08
b62c1f6a-752b-4df6-8957-56a6b42022e5,cmcnaeae@uiuc.edu,DgXXp5Z,Caron,McNae,1992-10-03
38b0eb2a-30f5-485c-ac1e-2bb94d0db180,abuntingaf@nytimes.com,P06UFBv6,Ardis,Bunting,1951-08-26
1e70a13d-ec00-408b-af55-9b6ef73d343e,gandrezag@cornell.edu,dIRK5f,Godfrey,Andrez,1964-10-14
58221020-d7b0-43a4-b24b-f6d2e512b2fd,acosbeyah@twitter.com,5Wosq0Dwn,Ava,Cosbey,1983-12-26
d4342374-f32c-435b-a498-42c400975ca9,ematousai@tinypic.com,smRYi382zI,Emmye,Matous,1985-08-25
744cb58b-9450-4e6b-9450-00414fd5cfd9,mmallyaaj@xing.com,A6xqkBzXi,Moore,Mallya,1994-10-01
6a704dec-f4d2-437e-9662-e582a4a6f118,ppimblotteak@wunderground.com,eG1xhy,Poppy,Pimblotte,1966-07-01
2d326cdd-97a0-4f3d-90e6-d9d41059fd7f,cboutellieral@tumblr.com,SccJSJh,Chadd,Boutellier,1977-05-19
a306cd7f-6764-4e9d-8710-3d9bebc75cbc,amadrellam@google.pl,1obuUIkI,Aaron,Madrell,1954-09-03
da0c4191-4b85-4bdb-b9cd-041cc7c37909,grobbinsan@howstuffworks.com,05J1mG9u,Germaine,Robbins,1981-05-02
75d55cf4-7eb2-4ab1-8dcd-135966a0ca48,kmarrableao@addthis.com,iEGoYB0y,Kalie,Marrable,1993-09-27
226fecd6-ab80-4197-acf8-257fe53ae1ec,sgrzelewskiap@soup.io,S2RFw1SfJ1KQ,Spence,Grzelewski,1984-09-16
a8da1df0-ed81-4222-86f9-0c461031cf58,dimessonaq@imageshack.us,CjpRajI9F,Debera,Imesson,1975-09-17
e7218b32-d437-41ac-af49-a2caefcbd9fb,nhuishar@homestead.com,KoVPMu8Ciitq,Nathanil,Huish,1986-11-28
7273428e-979e-42b9-8bec-72b8e81101db,xdedantesieas@ucla.edu,UseTL3Y,Xylina,De Dantesie,1951-07-30
44122a79-cebd-400d-ba13-8e826b13bd71,rmcgrayat@ox.ac.uk,sS4JASx,Ruprecht,McGray,1991-09-21
1399c9ed-a402-4c43-828a-74b0eaf53cb5,chullyau@comcast.net,EGc7pMjpCjrr,Christoph,Hully,1980-02-20
beb00381-bc38-43f8-8924-d1d0570a6126,bbrazenorav@bloglovin.com,2439Mb6Rr93,Bar,Brazenor,1993-09-23
89ceb4e0-83c8-44c3-943d-8d2552c00a16,aclerkeaw@booking.com,IHRwlx,Alvis,Clerke,1972-03-20
9414a5b4-be88-4d77-b5d9-448e953f165f,hclausenthueax@wikia.com,mVZn3zHr0OX,Hymie,Clausen-Thue,1994-11-25
b9f2b21c-8585-493c-83fc-8a7a71ea1e36,dmckinnaay@google.it,Aj2NCn9IToKI,Delaney,McKinna,1991-02-08
dad1cb4d-aa84-4d45-b21c-c4c9ca0a55b3,cmccreedyaz@dailymail.co.uk,pFgyDv,Clari,McCreedy,1976-10-08
c8569b99-0dcf-49cd-8594-709df57b059b,jblayneyb0@paginegialle.it,00gjTWxdh5Y,Janifer,Blayney,1956-09-12
e54fe7ea-dab7-441e-9b88-c632429b13c0,cmacdonellb1@who.int,0BBVrhgQ0Wj,Chancey,MacDonell,1980-10-24
9acc0ec7-1642-4a0f-b8a0-02744ad9dc0a,mcassb2@theglobeandmail.com,5dtLoNzLF,Michele,Cass,1982-04-10
7b561d9a-6aff-4c31-94b2-49486be00695,qcoulthardb3@tinyurl.com,jiqxLCB9Wr,Quinta,Coulthard,1980-03-27
749c89d4-26db-4844-9b22-82106e92c01b,dmatelaitisb4@google.pl,2p5TbP,Dante,Matelaitis,1973-04-14
c112996c-1a31-4446-8c6b-801291ead3f6,jvergob5@discovery.com,Z4AaJgvKcm,Jeffrey,Vergo,1957-10-03
562ac36f-2a93-43ad-ba84-0cf38bb2d8b5,cgornalb6@gizmodo.com,a7PbyADN,Christian,Gornal,2004-03-27
51e52a74-e176-428a-91b4-3aa60c463caa,nvallowb7@mayoclinic.com,hZ84ILxtB,Noell,Vallow,2003-12-28
9854f630-7334-463c-bd49-58f850adcb0c,vsegotb8@com.com,gThY2f,Vinita,Segot,1998-12-02
10a8a82f-c3e1-4275-af4d-7fa7fee1deee,dromansb9@sakura.ne.jp,zxXWADXw8,Darin,Romans,1988-05-15
0aae74d0-f5d5-4d26-953e-6951678ed9a5,cvasquezba@reuters.com,vk6ykF7J,Christian,Vasquez,1976-01-23
e41d2f26-51f2-433f-a1be-f9fc82e3c0be,mfetteplacebb@paginegialle.it,4VuG1jugU,Maggee,Fetteplace,1959-03-13
8b9b54b3-527c-41c6-919e-701a58eab84a,ptugwellbc@deliciousdays.com,GW2JDtOtVgq,Prissie,Tugwell,1961-03-30
97c24cf7-7f99-4122-8f39-3362891f1ebc,scrantonbd@oaic.gov.au,hJZajlw,See,Cranton,1962-09-16
b3de2216-f714-4d86-95bf-5642a0fc1ac6,agadsdenbe@xing.com,Q1xp7qE,Alard,Gadsden,1977-07-01
a5216433-d39e-4e41-8ea0-dfda1473194b,vtiplingbf@alibaba.com,A3DQL19oNo,Vivienne,Tipling,1962-08-09
c72b73b3-3aae-4b1d-96d7-f90f89f115f6,lclarkinbg@nyu.edu,tclMD0X3lW3,Lavena,Clarkin,1961-06-23
5eab3733-ae40-49d0-9703-3dbdde9320d7,callnerbh@cargocollective.com,iaK9RT7dJC,Clevie,Allner,1972-09-21
3d10bd81-f6e3-4df4-9b95-1efe8130204d,rbentonbi@moonfruit.com,5IjHne1fopq,Ronica,Benton,1978-03-14
7237261e-6b2b-4c2b-97f6-9f703d057403,gdufaurbj@examiner.com,WNl3uoGJqg,Gill,Dufaur,1966-12-04
fd2982dc-ef69-4a87-bd55-820123a6d5b6,cnazerbk@xrea.com,0KM8QhXTgeVY,Carl,Nazer,1960-01-08
5b455d3c-fbe4-4458-a7d2-fe1f673e96f9,mgibbybl@nifty.com,lyRyTK4kFgqa,Myrtie,Gibby,1988-12-10
da1794fa-1221-411e-8d09-879619b1254e,ranglessbm@globo.com,qRZYNqn,Rebe,Angless,1958-04-02
6501e398-08f4-4c8e-a0ba-13f0570a66eb,ebertomebn@ifeng.com,9esRf2ev,Efren,Bertome,1993-05-20
1c70cccd-4fa2-4347-a605-b202baba89a9,acradeybo@cdbaby.com,VssWjktdfCfq,Annaliese,Cradey,1985-01-31
834cfb1f-638a-4115-846a-54d35f0c10cc,zbromellbp@cargocollective.com,Fuf9rvmu18,Zacharias,Bromell,1967-03-15
1de23379-3dcc-4766-b8ea-433799fcfa4b,ddilkesbq@senate.gov,uxqE8p5Q,Delphinia,Dilkes,1986-05-07
39701c82-1214-454a-9ca2-c3375074f359,dhenriebr@elpais.com,wq1m5lfOJ,Dario,Henrie,1961-02-18
38ba8bae-073a-4c38-8200-636a7109c2eb,lsallingerbs@bizjournals.com,z5FqJ12wz,Lief,Sallinger,1983-04-19
66427175-04e0-45d6-8422-75813094a106,jpizziebt@narod.ru,LMjNrY,Joby,Pizzie,1984-08-21
c63b9a53-7ed8-49fb-ae33-cccec46c23b7,osyerbu@hao123.com,Y15JtvHhxgR,Olav,Syer,1991-08-12
8e89add2-5169-4685-b49b-24f616a68ec8,jdillingerbv@goodreads.com,f4up4h1tWLM,Jeniece,Dillinger,1995-07-30
3ef65d65-f908-458b-b4b8-ead16a0794fe,sgerringbw@linkedin.com,2nReTP,Sofie,Gerring,1989-08-22
85bc74e4-558b-462b-8b1f-6434751612df,dgogginbx@ameblo.jp,rITXYg,Denys,Goggin,1965-06-18
5dfabe18-8a9a-4953-9d75-0e49ee4acfd0,rbattersby@noaa.gov,FtlkXlgrT,Roxine,Batters,1977-10-22
c681e2ba-2d83-4634-8512-5e80ae1efd41,kdugoodbz@drupal.org,FuVeP0euAgp,Karil,Dugood,1985-12-15
8f3dee06-239b-425e-b254-8ec3e306655b,naseefc0@twitpic.com,nKoUejzpsb,Nester,Aseef,1971-02-07
a442cbd4-ae90-413b-b9dd-ffbc6a13a28d,blockheadc1@ehow.com,hwPq13,Betteanne,Lockhead,1966-06-24
62fefbea-1520-428b-aa43-ca0d387189bb,bcaseric2@hatena.ne.jp,cAVrdH,Bibby,Caseri,1978-10-30
d2c44fc0-1455-462b-8e87-81bd107ee07f,bodeac3@wordpress.org,mgkAMbLkiq,Brantley,O'Dea,2004-10-20
7b5b4d49-1e43-4fd4-9ebf-59a3adfaba82,ddinningc4@vinaora.com,BbrUQFyku,Danie,Dinning,1968-03-05
d09decc1-059d-45b9-9a71-f7b92b34253d,nyurovc5@cocolog-nifty.com,AEmrCHqfVPf,Nikolai,Yurov,1988-11-06
e2c69d94-46e7-478b-8600-0579b33315e7,rsimantsc6@macromedia.com,pYB8xjxjsc,Rex,Simants,1967-02-09
913b47d7-e6b0-40c7-bc35-885272a3771f,kouletc7@bravesites.com,BsIX5A7QO,Kitti,Oulet,1963-11-01
c62d0551-f9a7-4e6b-8c57-27e5463e7657,cprinnettc8@sakura.ne.jp,6A8nbsSL,Chanda,Prinnett,1952-04-22
732ea461-3a49-47eb-8942-f3fde4b4c887,hpepic9@paypal.com,0gQpRXCXJ,Hugh,Pepi,1956-01-28
8a5056ea-002e-49d9-a7ee-5b6638de242c,acomellinica@irs.gov,PGoXKvE,Alejandro,Comellini,1975-07-16
b950af96-0a42-4cfc-a0e8-9bd79c5e542d,aannoncb@uiuc.edu,MYmYFXaczk7,Alysia,Annon,1993-05-14
8f6ff773-8f78-4930-b844-3e7bc921f066,bebertscc@marriott.com,VaeJwFF,Brook,Eberts,1954-03-06
1485c781-516d-4656-910b-924aed08e3e7,lcrangcd@disqus.com,hmUabEHGLcr,Leonelle,Crang,1966-05-20
3bdb74f7-1230-44b1-b8aa-7f38cf111e20,nvanleeuwence@sohu.com,RxDDYXx,Norris,Van Leeuwen,1991-08-24
528f2ff7-9791-4ced-bf4f-77aaebeb2b4f,alednorcf@ted.com,TIODvZYRyqKJ,Alla,Lednor,2004-07-18
6e197557-3247-46b3-9bfd-bf19262f816f,ijojiccg@indiatimes.com,MBTbXSXmLpo,Isidor,Jojic,1971-04-19
8e524136-cc7f-49cd-8fc6-3da0a24a10bf,dtregunnahch@rediff.com,gYdvEyhJMFV,Deeann,Tregunnah,1951-05-05
ca0fecdf-e20d-4e4f-ae92-0428c23c164a,bdecruzci@t.co,JS24Q3,Berne,De Cruz,1999-02-15
744132a3-ac88-4b51-8dbf-1ab244498409,mjeandetcj@miitbeian.gov.cn,ZhxB1NX,Misty,Jeandet,1967-06-23
f429967b-94b7-4a87-af49-c7da8d0717a3,sblockwellck@purevolume.com,ZTUgg2YkJ,Stern,Blockwell,1988-01-16
ccfdfc82-e7fa-4a69-9296-c65e1e31a2ac,ekegleycl@chron.com,hNcf6pmRa,Efrem,Kegley,1968-12-25
4fe7c308-8705-4ed2-9aac-967e9757b87d,kgippescm@angelfire.com,SiVSyPaW8u,Konstantin,Gippes,1952-01-09
57a6d4a7-be46-4136-93cf-308547ed0ac1,dcosslettcn@geocities.com,J0moTQSpGge,Dorice,Cosslett,1951-11-17
0d0f2c6f-242e-452c-80d8-c3acedcd24a6,wheatherco@blog.com,WobuYetZU18j,Willi,Heather,1989-11-18
d4eec138-e849-490f-bd06-f8d2f43bd177,cdeversoncp@google.co.jp,8VNYioN9,Connie,de Verson,1962-03-26
df3cd744-a37b-4d28-96df-d2b6a7834703,gcalcutcq@ucoz.ru,1T8sm2,Gilles,Calcut,1963-12-07
e27afc78-0296-4d33-b22a-c63b139af164,hsteensoncr@photobucket.com,PIkxhh,Hazlett,Steenson,1950-10-28
12a8ecd8-ddfd-43f4-893e-e3f52f6e73ec,dharuardcs@google.com,Z9lV3N4GbirP,Darill,Haruard,1950-04-04
52616d86-53c3-49c6-9221-8c0a0534e910,crafflesct@bravesites.com,w16UW6spive,Chico,Raffles,1989-06-24
0238d330-c232-4dda-8624-e57cd340e5d2,jmarlorcu@marketwatch.com,vfLlcqRgC8n7,Jolie,Marlor,1973-10-06
e9fcc364-8169-4545-ad8b-683fd45e9c90,mcowanscv@tripadvisor.com,D1eLYu5f1,Murray,Cowans,1967-01-02
0f16bcc6-ead2-4269-a6bb-b381b3ef96bc,tbleslicw@sakura.ne.jp,OAD9QljM3,Tate,Blesli,1983-10-17
d695907f-abaa-4e8c-a300-774f5e2836fc,cwiggintoncx@live.com,nt0HcC6JqA9c,Callida,Wigginton,1986-12-18
54d83072-a6e9-4cbd-8aba-fad11ed42b5e,fcramphorncy@stumbleupon.com,YOqeDgBou0,Feodora,Cramphorn,1973-12-31
808125e2-db15-4176-97b9-decb6c5cd2cd,hgalfourcz@cbsnews.com,CuKO2VNBP,Heda,Galfour,1992-12-16
23e5212a-d7f9-49b8-96ec-72cc2fd5347a,jshakeshaftd0@networkadvertising.org,bdttL76NcbW,Jamil,Shakeshaft,1980-11-15
7ff56367-97c9-452c-b2a8-cd2e2a637395,whuleattd1@wikispaces.com,Lend3IBpAX,Wright,Huleatt,1956-12-11
51f77e41-3ef0-4f67-9a15-4d4eab1b383b,kmondayd2@globo.com,UkRCBzLUx,Keir,Monday,1977-01-02
5123f44b-476d-4465-8a9f-5be31c550df5,fsmewind3@bloglines.com,eJWHBwy,Frasco,Smewin,1958-09-23
44f716f2-b828-474e-b177-0357454ebbcd,hmeacherd4@dyndns.org,R7NXFCK8,Hedwig,Meacher,1965-10-13
b7c7dd65-e85d-470b-9aa1-eb4a1d7dd5bd,rmcsarryd5@cbc.ca,AS3RjZD,Raina,Mcsarry,1989-10-30
ab480d24-427b-42f7-9b6c-ad01a1befc2a,cwheatcroftd6@ibm.com,bYJZZwZG,Crichton,Wheatcroft,1985-01-08
b24f5937-2655-4fc3-a980-8bf97556f7ce,aishakd7@wired.com,nplg7WmLn,Aguistin,Ishak,1993-10-22
a8d92047-68d2-4c2f-af79-11950d0a2426,ubalharried8@feedburner.com,Q7z1iey,Uriel,Balharrie,1950-12-10
28208ada-2140-4c58-8d1d-8e18c82cd197,dkenrickd9@auda.org.au,oDrKhN,Darb,Kenrick,1996-01-03
e6122f1a-a96b-4eb8-9506-8d3ee2e9d868,dwheelerda@plala.or.jp,qHiUJMkSr,Dominic,Wheeler,1968-01-04
4dbb3e5b-f3b1-4762-ac18-7dd3aca24de7,sdankodb@economist.com,EiKDS5XYlOEB,Serena,Danko,2001-06-25
215c516d-12c8-4394-8ee5-91afbd4639fb,cwelfairdc@ycombinator.com,0ueZvk5Q,Connor,Welfair,1959-08-30
825a5236-1d88-4439-a417-9455a8abf851,amcbeandd@mtv.com,9Y5jx8BXcY,Adrienne,McBean,1989-08-02
8124cceb-8534-419e-b1ad-c2da3d4cfc6f,neasterlingde@sun.com,kMn3RM,Nessie,Easterling,1991-07-02
643f6fae-24ae-4234-8747-83063737067c,tgedneydf@mashable.com,r4Xz0oxlQPup,Tucker,Gedney,1983-08-06
df9e7471-3aea-444c-8138-040ef25cd2dd,psuddickdg@livejournal.com,pnB1jgjvmo,Pooh,Suddick,1971-03-12
23bee8cf-bf96-456b-adb6-9342eb0d8488,mcordobesdh@cornell.edu,kNQnXa7JZk,Micheil,Cordobes,2003-09-18
4b348551-f68a-4765-8ba9-68a48e731b9d,jdoriandi@posterous.com,3afluhQ8YWQF,Julianne,Dorian,2004-04-08
c20fccca-e2e8-456d-a736-d6c26131b86f,fgrissdj@seesaa.net,JDxe99bzaC2,Felike,Griss,1993-04-21
0b1d2491-18a3-413d-acf1-8c9217793901,monionsdk@qq.com,ySVgNhA,Myranda,O'Nions,1977-07-16
b28dabdf-a40e-41cf-9190-c2ad3f771bca,pjancsodl@clickbank.net,qezo4UZWwZ,Patti,Jancso,1985-11-01
1b882e0f-598b-40aa-8c1d-3cd9d211cd43,hmealanddm@dot.gov,hxRiXL,Hubie,Mealand,2003-11-07
9d27d82f-21b5-43ee-9fe8-b8679ef9266c,tmcaleesdn@fema.gov,ZKFyWsdez9T,Terri,McAlees,1983-05-13
4fbe8906-d470-4e0a-b9db-26ade0094a4a,dcastagnado@google.it,UKd14o4CTZ,Dorice,Castagna,1955-02-08
d2371513-beaa-4116-8b0d-abd6c2a28a37,fcockerdp@hugedomains.com,UGz0sKAiq,Fernande,Cocker,1961-09-05
da2b6208-d792-42ec-85c1-2534839531d6,mgroartydq@mysql.com,ynwIkbptTBl,Melisa,Groarty,1954-08-31
ac5bacb9-7684-4e1d-a0ee-c65e0dcfefb9,lglowachadr@mapquest.com,Om0JCqtz,Linc,Glowacha,2003-09-07
b57be357-6ed9-40ec-aff8-ed2a7d404730,nthyingds@blinklist.com,93H8mFwN2m7,Natalya,Thying,1952-03-15
86926bea-1d1a-45bc-a59c-c5f6e5489e95,tudydt@nsw.gov.au,iEiFE0EAM,Templeton,Udy,1965-12-20
20785e84-9803-44cb-8af4-20f8c8d5b721,jgeckedu@freewebs.com,0hWVGCB,Jamil,Gecke,1982-10-05
e52fc91d-4d1f-40f3-94f1-4aa7c35eb13c,cdadleydv@blog.com,0xNA3xwryZyN,Cori,Dadley,1964-01-10
95e0e77d-2414-413d-9278-5901319214ed,cmartyndw@huffingtonpost.com,U0SKwTvpRn,Christoffer,Martyn,1992-07-18
e62f9098-d15d-4406-a92c-32e0fdfb5bc2,ileathersdx@sitemeter.com,wWsMRu,Ingra,Leathers,1973-12-01
86fde61b-3145-4134-8737-f1fb6fec063a,vwombwelldy@java.com,UqzJwn,Valeda,Wombwell,1985-08-01
2c72416f-eafb-4680-8ec2-a4df95fa65b2,omillardz@cnn.com,J5JOsl85C,Ozzie,Millar,1979-05-23
9ca5fb94-52a9-4267-b8a5-9d87aa8f4b0e,sdavidovee0@1688.com,9xAXoZZ9xF,Selestina,Davidove,1976-10-06
c9892c73-fb22-44dd-9b34-8d35c04ad1c5,lbondesene1@prnewswire.com,PiCCgsP,La verne,Bondesen,1967-08-02
fc76a808-496f-445c-a570-e2a2d7b693e9,aolivae2@scientificamerican.com,JCpNuu,Aaren,Oliva,1983-04-03
271bc641-b23c-411b-8002-59b93f6a8a1a,zswyne3@oracle.com,TubzEhpofbr9,Zack,Swyn,1982-11-18
0c9e7280-3868-4d8d-940a-49aeb33763d7,alochrane4@taobao.com,ibkwAkKRoox,Alonso,Lochran,2000-04-15
72bc4d44-4c09-4445-8a6a-82cc3baa1bd5,ftwidalee5@quantcast.com,zYrhs9,Felike,Twidale,1954-08-03
3929ff9c-29ca-40cf-b127-ccbe6bf16359,spuckinghornee6@latimes.com,BDPbOQNw2wR,Sallyann,Puckinghorne,1954-02-10
13d695dd-aa0d-4cba-9663-0632e4f26add,hfellibrande7@webnode.com,pc1WwF,Heloise,Fellibrand,1959-10-17
a50fb905-c3a2-4069-8291-374135db8345,ohatchettee8@dropbox.com,uqt4cBO474vq,Oralla,Hatchette,1964-01-10
98acbc9a-04fc-48a2-88d5-264069533492,akelliee9@bandcamp.com,XGz64MZ,Angelina,Kellie,1990-09-17
67ab8bc7-b1a6-4cb8-8aab-f2f69bfee47d,ddollenea@hibu.com,D4r2zJfaK5,Desdemona,Dollen,1961-03-28
b3f0e135-49be-4098-8b03-6a12017eb65e,dedgingtoneb@yahoo.com,vLXo967yoSf,Dollie,Edgington,1971-04-01
879434d1-a2ab-4f12-95c5-7257a661284c,slewknorec@zdnet.com,MkRyEAElP,Sonia,Lewknor,1981-09-05
db874ecb-a9b6-4320-a0e7-64889bdbdec8,rmerieled@bravesites.com,CrZbGAoC,Roxanna,Meriel,1996-04-16
fa8ff6f2-d651-46fb-9dd3-968ae3fe675c,bgarvieee@xinhuanet.com,SGGG3PJ6QS15,Bernadina,Garvie,1996-12-03
ca676f59-b670-46d0-a298-9a586eb6e588,bswansonef@mysql.com,cSOyMCWqydN,Brinna,Swanson,1988-05-12
c13150d7-bf68-4fa1-bc3e-6c6e69fdf045,lcurzeyeg@dagondesign.com,Ud3DQyU,Lutero,Curzey,1950-09-07
27d766a1-c41d-4cc3-9a17-7ef98c7ef1cb,gcarikeh@diigo.com,eiFrXT,Gallagher,Carik,1987-08-14
20a3b71b-5269-4c2b-a0da-f0cfb1d327b4,msallingerei@ebay.com,LMdxJpQ,Mercie,Sallinger,1972-07-08
dfe04330-cd91-42e4-a64a-0b141d92d753,ifulcherej@adobe.com,LViJxldkG6p,Inge,Fulcher,1953-12-14
b2c957ac-8e17-4185-8e05-ba0f81b58401,bwadlyek@msu.edu,8UnM1tI,Brant,Wadly,1965-04-21
30d3d2ac-fa04-4019-8c3f-9701c979c944,rbritneyel@tamu.edu,p8mw4xHUM,Rowen,Britney,2004-08-19
2d93f896-1535-4690-be00-15bb9e2e07e9,wbenedttiem@phoca.cz,FRaMSadgVq4,Wayne,Benedtti,1986-07-17
b00865bb-26db-483f-bfb3-e0e57ace21d5,nharbinsonen@blog.com,3piq4VLTF5cx,Nestor,Harbinson,1981-04-09
e240cb91-3945-4ba8-9c18-8e430ab5af4f,evellaeo@timesonline.co.uk,urOV9jBCNnb6,Earvin,Vella,1987-10-03
fb2744c9-bf99-4af2-86fe-810fcdc1e6a6,kmalthusep@github.com,I73JH840,Ker,Malthus,1956-03-14
782ca390-3e38-4328-8fb8-bbcbb72da048,eweedenburgeq@pbs.org,Pg9QA1c1,Ethelred,Weedenburg,1958-02-16
49350e99-9b8b-4b91-8ee1-37a39254bd99,ebibeyer@usgs.gov,0a4tv2tE,Erie,Bibey,1995-02-21
9f92e427-58fd-40da-ba6d-ead9ce8243dd,mselewayes@deviantart.com,bZ0wIh,Marika,Seleway,1980-03-19
663317cd-3032-46b4-9ce4-4a29375d0f9d,gblondenet@sbwire.com,ubuuxmZh8zn,Giles,Blonden,1950-01-29
b7b4c738-c211-419f-868f-b892d254b24b,eargabriteeu@shutterfly.com,KyUiMCug1f8,Elmo,Argabrite,2004-08-05
32f6dbde-254e-48b4-9d28-6b6242c52fb1,dogglebieev@stumbleupon.com,i2fOrDHTj,Danya,Ogglebie,1991-08-19
606f43c2-0576-48d0-a70e-6a71a46f0339,cleasonew@who.int,hAWL3O,Cissy,Leason,1974-05-14
82ee8e73-cdf2-4a9f-9492-aa8d9d45e27e,tredmellex@oakley.com,l1ZNpCI3dc,Theresita,Redmell,1965-11-29
90e5d6f8-eb0d-472e-866c-790dc9862b94,pteckey@mayoclinic.com,vE4ObUN,Pearline,Teck,1979-06-06
042acd33-f71e-4752-9759-5a8129c97a9d,pportchez@addtoany.com,TYUwZ7f,Peri,Portch,1958-09-22
3a896acb-8d84-4f92-af71-922f4c5bb074,ablinckof0@slate.com,xmnQhL,Aleda,Blincko,1958-09-14
9931247c-b93f-4c54-be15-558f84228df9,lhabbeshawf1@friendfeed.com,Al8LVb6qEF,Leanora,Habbeshaw,1950-09-13
8dfc247d-b337-4d94-868f-edfca687eacc,agilcriestf2@tmall.com,wkTfHGFcu,Asa,Gilcriest,1971-05-21
e168b920-7430-4a9b-afc8-5d9bd71bcb60,slaileyf3@booking.com,WhD7tdUd,Shaylynn,Lailey,2002-02-21
f7763400-1d06-4c9a-b7c5-9e77a73387ac,ktuddallf4@google.es,g4YkXL5g7,Klara,Tuddall,1953-10-21
05396319-946a-44ac-a19a-90a8b1dd825e,dstadingf5@shareasale.com,IHwzVe,Dru,Stading,1991-09-04
804811a8-99ac-42f6-988e-8a4a0e3a9b68,gskullf6@sbwire.com,KcSOiE,Garth,Skull,1994-08-18
fbaf6f7a-edb9-407b-9666-fa1ed92a37a6,mkilmasterf7@time.com,bK1JxqW,Maisie,Kilmaster,1966-09-23
c0c26b80-3eac-48b2-8cf4-8170bcbaaa07,fgyef8@networksolutions.com,SnEIvvgyDsw,Fanya,Gye,1999-07-30
c4f73a4c-71a8-4413-8e72-a26280af20c9,cpulhosterf9@wufoo.com,kVbHvs,Carry,Pulhoster,1998-12-04
d875b8a6-d2be-4a42-b38d-8202d30033fc,mmunslowfa@boston.com,zu3X2J1MavBa,Marja,Munslow,1953-07-23
d877c15c-2226-4628-a4e9-225178116861,kdambrosifb@reference.com,dKgYTBkltjz,Kyla,D'Ambrosi,1966-07-27
754d360f-382a-414f-8283-7a430a3b797c,trihanekfc@tripod.com,DTh2lTShD,Thornie,Rihanek,1976-05-23
de437c11-9c2f-4f46-a28c-fec990b050a0,astqueninfd@hao123.com,cnivzREne,Ava,St Quenin,1972-11-16
6638ae38-6559-4d4a-a5e6-5a12553e6801,egladdenfe@google.ru,aCxepfqD8,Ettore,Gladden,1973-02-26
770a6f28-dcbd-4c16-bed7-2c5a4aefb9df,nburkerff@geocities.jp,qJnSV5Em2Ow,Nat,Burker,1981-05-29
8541b272-94ca-4cb7-9996-83924532add5,wrubifg@tripadvisor.com,JuKN8gF,Winonah,Rubi,1992-10-16
5db48c39-1662-4078-9c4d-d65441cb8ae1,oyakovlfh@webeden.co.uk,nDOPAg,Odey,Yakovl,2003-02-08
9ef2df36-2ffb-4375-88e6-b1f96ebf683d,nmcgrathfi@cnn.com,qCvMIaoJ5,Norean,McGrath,1977-07-04
729b3ed4-d2d7-4274-86ec-0fba68db49bb,cpowleslandfj@paginegialle.it,3dcNyqo,Carlie,Powlesland,1998-02-11
0c2211a0-5bbe-4250-9c05-7e4e54d54b72,emcsorleyfk@irs.gov,LibZuKac8gE,Ebony,McSorley,1962-08-19
eabf3398-5dc8-46f5-94a1-8190d6a39151,pstandrinfl@goodreads.com,Js1NaYom,Peggi,Standrin,1982-06-17
5897a039-e163-417a-81a1-1291d30b24e9,csneakerfm@cornell.edu,aFtgFYbR5,Chico,Sneaker,1956-05-08
16b40a41-68a3-473e-bd2a-938d3463e22c,ayurenevfn@prnewswire.com,dyRwS8uNcl,Amalea,Yurenev,1999-05-12
8742449f-0362-4b97-80ca-d740185f7d15,nbilsfordfo@lycos.com,HRgXNq3X,Nealy,Bilsford,1971-02-04
ef58c259-5112-48fc-b41d-10382654baa7,bdashwoodfp@comsenz.com,E2bbI944Icr,Byram,Dashwood,1958-01-29
42d5f6c8-71b2-486f-81a0-44d0ceaa9965,callflattfq@baidu.com,KdJHfkY,Coraline,Allflatt,1952-02-05
274a1e62-62e4-4e6c-94d9-c33e78677f22,odrablefr@epa.gov,u3Llhsaix,Oswald,Drable,1972-03-18
ed12aeb9-aad2-4141-89a5-65d53b71f06d,gstonerfs@booking.com,y3TZc3,Giuditta,Stoner,1963-03-04
9e3e2437-4f9e-4c48-82f4-f5cbe723e83a,bcamdenft@ca.gov,UJsJrrlrea,Bevan,Camden,1958-04-10
32a2f369-f117-4e90-bdfb-4279bf3d83e5,lgrzegorczykfu@hao123.com,JrSz65ojjy,Layney,Grzegorczyk,1970-01-05
889af526-82c3-49bf-9b17-28ce66649467,yclearfv@mtv.com,CFdm8vOWd,Yolanthe,Clear,1974-08-12
a5cd758a-8d59-44a9-94f1-eedca3395089,aparadisefw@amazon.com,AX6H62gC6B,Adrianna,Paradise,1996-08-13
09479445-980e-44d0-afd8-63d3a5e33a73,cohenehanfx@qq.com,uEoOedHsqTC,Chrisse,O'Henehan,1951-09-22
cd62b667-9d57-49f6-88ad-e56d6968fae3,mmcphelimfy@imgur.com,vs6N1X6mB,Maurits,McPhelim,1955-02-15
1c0ab3fc-d0d2-4d88-836a-9d0cd4c6c16a,etolsonfz@miibeian.gov.cn,bmkc1z4u68h,Ermin,Tolson,1952-07-22
cdc93a61-8b98-42f6-b8be-98712c6299f7,cscynerg0@hostgator.com,7zgjm0wa,Cari,Scyner,1972-05-09
5c3222c9-5915-49f3-97a0-77b3906d21f2,swindressg1@statcounter.com,dn4JkDKQXS,Sarene,Windress,1995-10-17
7b0456d8-f7f6-4e1e-a1f2-8b6715397701,oduchartg2@plala.or.jp,APRSsVOi,Orelie,Duchart,2002-11-08
c73fd83c-139f-4f1a-8941-6f782b9bf8bb,tmclayg3@earthlink.net,lBJ9SAiHhU,Taylor,McLay,2003-07-11
043454a5-b669-4fc5-9b36-19e5c3eca65b,akerswellg4@sbwire.com,GQ48fVd,Ambur,Kerswell,2002-07-24
669f2435-4149-40af-adab-235c675f613c,theffrong5@xing.com,jiLdyGBE,Toby,Heffron,1992-12-09
7f103e06-3239-46c8-9c6b-a0e12bc3df8b,gmarriong6@amazon.com,axCD0R,Gunter,Marrion,1974-04-14
ef299432-a5b7-41dc-a09f-53e4b77b21b0,pstowteg7@ftc.gov,nbmubRd,Putnam,Stowte,1998-03-25
6ba8ad4c-cd2f-4828-a722-7202379491c7,vkeeling8@issuu.com,JPIH0ZdaESR,Vern,Keelin,1999-11-05
c425d1d7-edb2-4036-bdc8-eae871d3e902,lmcgroryg9@xrea.com,pMQtoeqIRU,Lynnette,McGrory,1974-10-03
2e3da7f2-7c97-482d-a5e5-71e89307951b,bleidenga@blinklist.com,vEp7Y9B,Burgess,Leiden,1950-06-05
f58b1153-c66e-499f-9cab-b7aef58f1da9,sferronetgb@engadget.com,kNx1nPiRdT,Sammy,Ferronet,1973-05-30
7bb29e2c-dd65-4e75-8fc0-aed2fca20cd0,aackeroydgc@weather.com,tXJLCxWU5,Avictor,Ackeroyd,1958-09-19
8873964a-690b-40a5-9e4d-3ef70a18356b,ioganiangd@yahoo.co.jp,DDI8TIt00psl,Inga,Oganian,1964-10-25
54cefec8-98ec-431a-8f04-157a32e00d2e,rblecklyge@creativecommons.org,eT4ngV,Rodolph,Bleckly,1991-10-12
51bf7a5b-2796-44a2-abf0-490fbad7f3f8,toakmangf@arstechnica.com,PeZj2TCA3,Trever,Oakman,1993-01-02
968d9399-464c-4d36-9262-3a0fd7e98aec,gclancygg@noaa.gov,u8R4H1Gh,Gus,Clancy,1961-02-07
ec29b455-5822-44bb-abe3-83dd474db5bb,spreciousgh@icq.com,IdHlpm,Skippy,Precious,1991-05-14
d613f60e-a0d4-4f27-9ce0-9bf002a84ad3,ttansleygi@eventbrite.com,llWcyUco1id8,Taddeo,Tansley,1968-01-08
ffab0b09-811c-416a-8d44-5e8e8d4a42f1,sellissengj@tripadvisor.com,SYYBCwisno,Stepha,Ellissen,1999-07-03
110c8c6d-8a07-40a4-bbe6-45a1eca0b3c9,ssanfordgk@barnesandnoble.com,lh0cAtcsH,Shep,Sanford,1995-04-24
ecaa118d-a111-4927-8436-da8b30b03c8e,cgiovanninigl@adobe.com,XzAX1AOBPXG,Claus,Giovannini,1978-05-05
f8d05e79-1cd5-4ca2-964c-7500c624243f,dfolgergm@exblog.jp,1FTZef2,Devonne,Folger,1950-05-07
9adb48ed-b805-4f7c-b224-f4e55a4cdff5,astollhofergn@spiegel.de,dZvmSGP,Abie,Stollhofer,1950-07-04
3ce7619a-9c38-44ab-9420-bea38697a63c,naspygo@google.it,WzL0CAlX6dc8,Nicolle,Aspy,1977-09-12
13a95ef7-9a43-4fe2-a29b-fd30eee81b55,rslinegp@sphinn.com,VuFje94P6MMZ,Ros,Sline,1978-06-17
3723c11f-055c-48b2-a50b-fc48de33a9a4,jtomkingq@jiathis.com,8KrRSzO0tq,Jori,Tomkin,1956-08-16
c986544e-4f60-4acf-8b3b-728e9ab98c46,mashborngr@reuters.com,TOafZirP6agy,Mariejeanne,Ashborn,1952-06-25
e0562da0-5214-4d18-8a01-9c15794ea920,mpantinggs@hexun.com,gdzTCmQ,Myrta,Panting,1980-07-24
d1a8451f-2245-46d2-9053-a9adf2464d99,vsnelmangt@nyu.edu,TkFLr3BA,Vidovic,Snelman,1994-05-19
02de938b-ec61-40ca-b302-8146af30525c,sforbesgu@opera.com,X7nw9Y,Sherilyn,Forbes,1985-08-08
4b8d5284-9310-4019-ad03-96d1cbeceab9,oferriergv@ed.gov,6zJo9LOG7R,Omar,Ferrier,1974-10-07
b97b6d90-a6c4-4865-9c3b-421b7dc5aa43,sbromontgw@behance.net,fMYrmee,Sherye,Bromont,1974-09-13
ef75e1c1-199c-4d73-9d11-06f2dc85c9b5,hsimonnetgx@skype.com,vJlQS2wOA,Huntlee,Simonnet,1958-10-06
7e182d95-3b6f-4c10-94f9-edd2a608a596,bprugelgy@smh.com.au,rNIfDB,Beryle,Prugel,1950-12-31
51e589bb-a70a-4129-a029-dd18fb8a1c4e,teshgz@bbc.co.uk,LC7jeIGDTX6s,Travers,Esh,1972-09-07
1b905f69-e804-48da-8065-6b69049c21c3,mcalbreathh0@drupal.org,ya5XOidxVmeh,Melesa,Calbreath,1968-06-09
e89f4fc0-1407-4e68-9abd-b50fc03fcdf4,htwyfordh1@go.com,YYmQU4o7,Huntley,Twyford,1988-06-27
2f988cbb-7ffd-43a1-90a3-c0f1aa23f1ab,ggodsilh2@senate.gov,kuTy2uCEdkV,Gaylene,Godsil,1959-12-06
d3f60555-4a0b-4683-bb4b-5579efb7e64b,jleyntonh3@networksolutions.com,mcXKWTT5t,Joice,Leynton,1968-01-22
5b1fb456-7310-455e-bb33-1f5e00042587,ghemphreyh4@tinypic.com,2CVpX8DbdR,Gerhard,Hemphrey,1971-09-23
7f8df99a-2a44-42b4-ad7f-5f3aa579bf61,sclawsonh5@macromedia.com,nJAShpcysALl,Stanly,Clawson,1973-06-04
fc53a88b-30e8-48a0-a256-f2e1ac19373d,rtillyh6@google.com,EAu14GzoqiD,Rosalyn,Tilly,1968-04-05
82cd8212-24c8-4692-84e4-b4f15ca79f90,afikeh7@yahoo.co.jp,3wA6EJbA,Annnora,Fike,1952-04-09
4ac11918-9ce7-4b8c-8ab2-6e74f4491e44,zpleyh8@bravesites.com,IYcmEjo,Zondra,Pley,1983-09-25
c2f6f289-070a-437d-ab6c-ab1ba9890bed,moholleganh9@salon.com,J2zTyzW5j0s,Madel,O'Hollegan,1950-06-08
85325ac5-503c-4ae7-8c3a-92e261ae168a,obodmanha@imgur.com,xIJJdFl5J0M,Ole,Bodman,1997-05-28
24ef3d14-0416-4fa2-bcbe-de648790a703,onorquayhb@twitter.com,rYCyI8U6Z,Onfroi,Norquay,1967-05-03
9018d61c-f7c8-40bb-b385-12f6f178f7da,aberlinghc@walmart.com,0EpxXFNZl,Aileen,Berling,1987-05-27
8783ec5e-f8e9-430f-b7a5-7e898a183b78,mbrightiehd@themeforest.net,Ow4AbI1Kx8jx,Mary,Brightie,1985-12-02
40a14e84-a1ab-4299-af96-a9ef691cf963,tbampkinhe@deliciousdays.com,IfMafinYi5d,Thomasa,Bampkin,1985-03-01
cd47418c-f44c-4350-8a04-cdc32fe585ff,fgarreltshf@skyrock.com,h0Lg1Gq6wVam,Francklyn,Garrelts,2002-05-31
3e7ffcd6-f62f-4421-9b1b-979c755a8689,aitzkovwitchhg@blog.com,mTVr4g9Uw,Alana,Itzkovwitch,1959-02-27
cfc635fe-4bd2-4f92-9143-f4cb2fa3f8d8,rashleyhh@dyndns.org,GtHYaR,Rabi,Ashley,1951-10-27
87a04a84-c390-476a-8e31-f63f45b753a9,kclerkhi@usgs.gov,yhiVGNqTJ3,Kailey,Clerk,1996-09-27
b7971936-2025-4563-b289-caaf359104cb,aberrillhj@mtv.com,z6HWPA,Ashien,Berrill,1983-02-09
d41c5550-11c5-423b-9297-bf8f94cfde84,mgiovannardihk@shinystat.com,9muA3IJQY3IB,Maudie,Giovannardi,1975-04-20
e05ffdd3-099b-4fa7-8ee3-5e455ec8ff5e,dperothl@jimdo.com,mOTl8Onuj5s,Dulcia,Perot,1990-12-08
bf6ac8ae-2720-4a5a-a627-4f304e6eb9e4,aspranklinghm@msn.com,Fe20ktJW2,Abra,Sprankling,1980-03-14
4a3097f7-a005-449a-86d1-c70729114c6c,amingethn@shareasale.com,bvM6Ksg9IcPb,Angel,Minget,1992-05-14
cc2fd09e-8dd3-46df-915d-0b46c10e829e,mrossantho@163.com,wezWbX273Ed,Mace,Rossant,1991-12-09
c5220843-7446-4cd9-afc2-69d6ae6e237c,iaffusohp@ycombinator.com,g1xSu9kvCesL,Ignaz,Affuso,1999-06-26
f0a54ddb-325b-4b2c-9ef1-5fa1a402bba1,jzanetellohq@gnu.org,Il1PcB,Jerry,Zanetello,1963-03-17
54561408-3a8b-445c-860b-5f03f2d21b44,bbraidhr@arstechnica.com,vkpzqvl,Bryn,Braid,2004-11-08
086cd75a-9e03-4a7c-b0f9-f303e6cba064,scalfhs@networksolutions.com,IMkfskGV8j,Sigismund,Calf,1977-05-04
56b282ae-6357-442e-a4cd-7217d1333280,cduberryht@google.com.au,J9TEpUF,Christel,Duberry,1997-07-12
1c0d8528-83ee-4803-875c-1c91ebebc189,swantlinghu@tripadvisor.com,qaofO2aeUlea,Susi,Wantling,1976-09-03
1b799258-ee90-444c-b43b-4d44edcc93e6,yackeroydhv@trellian.com,k1TBKM,Yolanda,Ackeroyd,1988-05-20
d3293eb4-18f4-40f5-b255-4d6e94ce8690,cbolleyhw@wisc.edu,MoE84Ll,Caleb,Bolley,1994-11-29
4c5661a4-78f5-47c6-a043-7eb89e136211,mjakubovskihx@desdev.cn,O5QMBJ8od,Marinna,Jakubovski,1962-08-04
1d168ab5-4e98-4900-8239-2c224a4a8333,zpummeryhy@macromedia.com,DWLe71v4Xg,Zollie,Pummery,2003-06-20
b67d0a10-a85a-4c24-8916-a6bf16f40d9c,nbellenyhz@columbia.edu,tD4EIx,Nevin,Belleny,1986-05-03
67ee7316-5d9b-4d21-b82b-1bc870e48aa7,lburnetti0@sciencedaily.com,5solKqto10,Lin,Burnett,1989-12-08
6cef9d3c-032d-4e4d-b933-54104b6c84e9,schirmi1@dailymotion.com,WD4zDin8j,Stacee,Chirm,1994-06-14
e930c7be-a279-42b5-af4b-3ab9e72bc8aa,dogdeni2@rakuten.co.jp,2pMFmkp,Deerdre,Ogden,1976-03-22
982216d3-cdc5-4349-b566-534a2b8ff980,fmonaghani3@google.co.uk,b3mom3bwz,Florry,Monaghan,1962-03-06
0dc718b5-6828-4c49-804f-317c2cdfeb36,bdawesi4@tuttocitta.it,JL0zuKxzrOff,Brinna,Dawes,1960-07-05
edfbfd04-7d9c-4bfa-99fb-23fc518e67d7,earnauti5@woothemes.com,re5rDYEIz8,Eada,Arnaut,1992-03-08
b8a55dec-a67b-4336-976e-e43033573c50,cmacpakei6@hexun.com,Yz7nyvTrjon,Cathrin,MacPake,2004-06-13
6eba8262-9b1f-4c33-8528-68bc0a22febb,mtolchari7@vk.com,ansGwPVZTh,Meade,Tolchar,1978-03-30
9150069d-d6fa-42e0-99ab-2c01b6ee735b,eshattocki8@samsung.com,ZpD9siD0rR7,Ethelred,Shattock,1973-11-07
428cdfb4-1d4f-4145-864e-da0cc1f4b142,rcollicki9@simplemachines.org,UaGbe5Bse,Rhodia,Collick,1975-04-14
90f0fcb5-83d1-43b6-92f3-27bd5aab1107,cchuggia@histats.com,6Jsmrkyosqkw,Clarissa,Chugg,2000-05-25
d5248517-b0c8-473f-8d29-3d804f422316,bfellmanib@amazon.co.uk,KZzov73,Barney,Fellman,1954-12-22
eb1ad517-51a0-4066-afd1-72feac3626a4,ustearnsic@aboutads.info,Aj9cMGvYvtRo,Uri,Stearns,1989-06-07
42ebcc69-0b3f-4384-a331-e6ac85541274,hquiddihyid@feedburner.com,84ooeM,Hasheem,Quiddihy,1953-08-20
f8d5058f-5f5c-45d7-8169-0dd31c9ec75e,ezanniniie@elpais.com,1bWN8Wz,Ephrayim,Zannini,1988-02-19
1eb59b04-b603-42e8-ae3b-6c9e8a7aecbb,hbusseif@facebook.com,pdovuRge8pJE,Helli,Busse,1985-07-17
f25f6986-ba2a-4a08-80be-dd6ecd02137a,fdeniseauig@bloglines.com,RXRoFbEjD64Z,Fredrick,Deniseau,1997-07-19
5c72d0a4-a01b-4e71-bf41-0d08c3e3a466,jroadsih@cbsnews.com,rpdMGfj7aBO,Jethro,Roads,1972-07-05
175dbff6-aa06-4a81-9cc0-b433e16d0e6e,kseargeantii@howstuffworks.com,6eAJe6,Karla,Seargeant,1967-09-16
6b73a44f-954e-423f-a136-a9b879203716,mbarstockij@alibaba.com,5fHB1xzdKSF,Madelon,Barstock,1952-01-16
e2cc2928-53ad-4b75-8f18-0b767669d30a,scatterellik@businesswire.com,4xiqZenHu,Sada,Catterell,1957-07-11
f85e28b3-ef18-4c91-a73f-5342daaff009,mcallardil@gnu.org,UVo9DhQym,Marty,Callard,1962-12-24
25987795-d609-4a30-98a4-945ad17f2194,mlilfordim@vinaora.com,Mt2uLE,Mira,Lilford,1982-10-11
83fe0433-74e3-4c59-ad95-bb36b83412b8,cbabarin@discuz.net,SjFu81FBZU9,Chaddy,Babar,1970-11-26
276c41d1-079e-439d-91c8-de267a381ef7,tmilleyio@usda.gov,GLFFGXLK,Titus,Milley,1995-01-05
54234e76-53ef-4659-b2d5-4b6ab05f9b1c,nlycettip@si.edu,1rPa26jEHl,Nicolas,Lycett,1967-08-17
d526ad31-5069-46a8-b853-8f325be19c9b,gbenesiq@infoseek.co.jp,YhP8wwp9jnpy,Godard,Benes,1985-02-21
29e19c20-09b1-420b-b7eb-4581cf26ffc7,cwhittyir@marriott.com,urfb3epts,Chadd,Whitty,1976-04-12
1c3e781c-79a6-48c1-a5fa-cde4113cd7d1,gclayfieldis@wp.com,1OmEfc,Garner,Clayfield,2003-11-03
3f668efb-4759-468b-9bbb-8243af5c72c8,jandreichikit@dagondesign.com,abTAAIckEz,Jaquelin,Andreichik,1952-10-24
84fc9293-caed-4037-a3d5-ede28e43153d,lchoppingiu@usatoday.com,5rsh9l2,Laney,Chopping,1959-05-01
ad923cb1-2c32-444e-b7a3-53f3b8c9f929,spettiferiv@unicef.org,Zxw0uXS,Selene,Pettifer,1977-10-10
a701f226-6bc4-42eb-a6a5-8f82af74a352,gloaderiw@dropbox.com,um6iui1FYZNf,Gilbert,Loader,1982-12-20
06400f49-c191-413f-bbc4-f12ccbb084fb,apartletonix@china.com.cn,mtE0YhehsF,Adriana,Partleton,1975-04-23
a773105c-5878-4d0a-89d3-b93204d9e126,bleeteiy@dropbox.com,wM6klg3h,Betti,Leete,1999-03-21
ddd4ef1d-9e2d-496a-96d6-1072a6bc2529,csandiz@eventbrite.com,YeH207dZETcs,Conny,Sand,1992-01-07
df357dbc-da9c-4651-a374-ca45d5d20459,acowterdj0@deliciousdays.com,yLhbI18fwQ,Alexine,Cowterd,1988-12-12
99b22c65-4cda-43db-8b60-b9d96ad12c8f,hvondrasekj1@census.gov,Fc5EFMGuDZ,Harriott,Vondrasek,1980-05-02
d433a749-1060-4184-8d25-c6b105eef216,pchevinj2@zimbio.com,BmkKYjT7d,Pauli,Chevin,1953-04-06
775b4a98-bfb6-4dcd-ab32-f0561af8f72e,dleninj3@mashable.com,UDCIbWs3,Dalston,Lenin,1969-07-30
cd02af69-d0c4-4d66-96b7-714f3f8a26cd,qwhybornj4@ehow.com,eS0e6UWRL,Quinta,Whyborn,1999-02-02
c63673f0-5240-4a10-86b9-f711c0c0894d,lmcnaej5@nasa.gov,7O3o5ql,Lon,McNae,1963-07-20
639c6220-bffb-4f5e-bdc8-28eed61cabb7,cmcmeartyj6@weather.com,GAZFOT3f,Carlin,McMearty,1981-06-18
cdb2e21b-d094-412f-b1cb-0e9804df5582,bsiddaleyj7@altervista.org,og1870s1ul,Butch,Siddaley,1986-08-25
e44b55e0-eb9d-49d0-acc1-9faf9edbb2f1,lgeekinj8@people.com.cn,mqG14pbHkOJF,Lewiss,Geekin,1997-11-19
aae13a38-04e9-41b1-9957-833fc3ef8e60,gdigiacomettinoj9@nytimes.com,9CZb7JIPr53q,Goldy,Di Giacomettino,1991-11-03
9776975c-bdf8-4530-af48-a6c76caff79c,pbeiderbeckja@github.com,D8MMwL1Na,Paxton,Beiderbeck,1981-11-07
26f4fea4-b091-4e4d-8d9c-d34078283c8f,hblezardjb@biglobe.ne.jp,tqjzgwFDweY,Harvey,Blezard,1980-04-23
2d00700f-9d60-4243-8875-309f2c190a1d,trevancejc@springer.com,3IBODKI,Trudi,Revance,1971-05-27
c61f2687-90e2-43d2-be52-5603ffdb686c,vmenurejd@scribd.com,5V1pFP,Vachel,Menure,1954-05-05
e3b94052-f364-42aa-90f0-c5802493ecb2,jcorbouldje@columbia.edu,C2XPI3Nuek,Judas,Corbould,1964-01-21
34de0443-a99f-4cdb-a4b5-ef54ce85697e,bpageljf@hostgator.com,qfBEY9WIX,Brooks,Pagel,1976-10-22
8c108a16-c184-46be-b56c-37fef2b6d14d,maldersjg@economist.com,j3nLMyAIE,Margie,Alders,2000-10-14
ae9f80ca-04a2-43e9-8a87-2bded50ec338,rodelljh@t.co,nDk0aueQw,Ring,Odell,1984-04-21
15139e19-fb36-4d4f-aea0-e4a1b8f4087c,rdomelowji@ftc.gov,jxV9WMtTf,Raeann,Domelow,1997-04-23
43ed4b08-4867-4e6c-a4da-d1eca100fd0a,islocombjj@wordpress.org,85ACNONBec,Ivette,Slocomb,1996-02-07
747c28c8-1f08-4f82-ab89-28b9eabba97d,ahobbertjk@indiatimes.com,veZP2exn,Anthea,Hobbert,1962-08-10
0fa05791-b07b-4ba7-b16a-9aa3caab638c,ngresonjl@artisteer.com,bU3o29C,Nickie,Greson,1951-08-02
3f92394b-cc49-4299-b2b1-11d4df496944,mhalgarthjm@sciencedaily.com,doa6knRAkt5,Meggy,Halgarth,1978-04-01
851df1e9-c731-4c1a-98b8-daf0aad46bd4,acaigjn@cam.ac.uk,tMsh5Mw0h2At,Alverta,Caig,2001-02-09
a8f842bc-6ef7-4335-a0e0-9d522676a6a5,jsatfordjo@sakura.ne.jp,XOHRgzkYWtN,Joe,Satford,1961-07-07
a7caa267-7725-48f7-9c23-a3a50b013bcf,jdilonjp@mysql.com,CyNee34YF,Joyann,Dilon,1989-06-13
3c3e2345-dd1d-4480-89f4-49110a3dbcdb,fdollardjq@google.it,RQIO7EG,Filia,Dollard,1967-06-19
f4fc2241-712f-486d-9b98-6be7930355d6,ktoffettojr@nsw.gov.au,9S3pKz,Krystal,Toffetto,1978-05-31
a05e787c-e6e3-45d8-8417-731c7632dc35,vfishbournejs@vistaprint.com,cj6FU6,Vitia,Fishbourne,1980-02-20
2ceaee7c-9265-4f4c-aa55-e63933d0de47,jgroganjt@technorati.com,iANXaaKsn87R,Jock,Grogan,1991-05-20
6e080f2b-c1d3-454c-90a8-60f68df6e5c4,bpenwellju@loc.gov,EcTXHhdS,Byram,Penwell,1983-06-17
00d2317b-d041-42c3-8e49-eded6a0d74d8,efigurajv@noaa.gov,nwUKSf,Estella,Figura,1958-02-21
64a5ebb7-69e2-425f-b20f-e71263ad3e40,acadwelljw@economist.com,oR3L9doWvKdj,Addie,Cadwell,1978-10-21
3af4a017-7640-4456-92cc-c951f09cfefa,hhagertyjx@wikipedia.org,8pwEZk7TboXY,Horacio,Hagerty,1950-09-17
e37de16d-1961-45ec-a077-9e942cf9c2bd,jriccajy@youtube.com,7xenT6J,Johnathon,Ricca,1955-09-20
3d8b46f8-21d5-42ee-9946-5ca24c330607,gralphsjz@businessinsider.com,3LWzGmz,Grace,Ralphs,1952-02-25
1186d2aa-58a8-4b04-99f7-e8bb2606f8db,bklossmannk0@google.es,d5mBFmC,Baron,Klossmann,1977-04-20
4b5704f5-35fe-4e7f-bc96-34d57b384387,croblettk1@businesswire.com,fw1647YlfsGo,Camila,Roblett,2001-01-15
3b630289-1247-472d-a1c1-e3fe56cebb18,caberchirderk2@behance.net,lZDzL6mpUht,Carter,Aberchirder,1965-05-24
b94350b6-578c-496b-bf74-f1cc00725d54,bsutchk3@techcrunch.com,wJteK04,Brock,Sutch,1952-10-17
92472b9e-1126-425c-bb4e-201bece9e59b,rpickerink4@slate.com,AE9tL0GAL,Robert,Pickerin,2001-04-30
162d902c-52e3-4702-bbc7-6ad6123ffbe9,mfreakk5@google.fr,PpPkUEuGWnYb,Mart,Freak,1960-06-09
5c567c9f-cd8a-48a6-a3e6-b96f0195d2d7,ewollandk6@earthlink.net,k4d2vu,Eleni,Wolland,1998-02-02
7d4a6fe9-a589-4bae-8935-e70163f4a256,jwaterworthk7@themeforest.net,iVyQUvAqa0L,Julita,Waterworth,1963-06-26
14561211-8539-49bc-9a65-c4be8dad4fa8,mcameliak8@mlb.com,kJ9uieu0tEY,Marna,Camelia,1998-04-12
bfd67a55-4c64-477d-8a46-d6689647e91a,vselesnickk9@cdbaby.com,hU19b88,Vittoria,Selesnick,1968-07-06
6cd2c903-c8dc-415d-ad7c-f48e60c7b194,tstidsonka@npr.org,7h0tnNeMxvCZ,Tull,Stidson,1991-03-14
c34d4aa6-41ce-4262-a48c-76d136429e61,mocurneenkb@howstuffworks.com,4tTsYS,Matthew,O'Curneen,1960-03-25
dc92f6bb-00a1-4405-9d10-08fec888043d,hgrigoryevkc@reverbnation.com,DY2P0Qw3vBuu,Herta,Grigoryev,1973-01-13
6af96f48-1efe-437c-91d1-0ee67c18fdaa,ebrownkd@google.cn,NnzDbcB,Ernestine,Brown,2000-11-07
f4a0780c-e020-489c-a959-bb92cd839099,crosserke@sphinn.com,HDhkvaFg,Callie,Rosser,1950-06-04
c7a32cea-8aa3-4670-9045-30ae86f28cc1,falenichicovkf@github.io,RfnWqZFQOz6R,Forbes,Alenichicov,1976-05-29
8daed616-c555-4f32-a4f6-2794af380c8c,usansonkg@bbb.org,9kLu9NK6wY5x,Ulrika,Sanson,1991-12-01
af001f33-ba02-431e-a4b0-982530e924ae,ldickinkh@sciencedaily.com,fddjkbCHlj,Lynde,Dickin,1958-01-03
9ed0b6b3-6320-4a34-8ea3-ce0d99b55c5a,lpirrieki@typepad.com,jzk31q,Laurence,Pirrie,1965-01-29
ecaea771-7b04-47b0-ac11-0b8bef4db60b,awassonkj@state.gov,4afYb5Q,Aurlie,Wasson,1998-03-03
b9f0e612-ade9-42fa-9ab8-f458dda9b98a,lromerilkk@hhs.gov,59v5Re,Leroi,Romeril,1987-05-15
ac44c24b-7c7b-4e99-92b0-b7f158ff547f,oheatherkl@issuu.com,9Oqmyqc1fzGV,Odilia,Heather,1969-05-22
b65ef4d1-272f-4d82-ad87-592de2211e65,bfogtkm@wix.com,UeSP6y,Borden,Fogt,1994-10-27
ca99e67d-5263-4b9e-a882-28a9724d2278,lrohankn@pinterest.com,ZEJTbsIIaF,Lorene,Rohan,1984-08-25
f535dfcb-02c1-418e-bc2f-fbe0adfc12bb,astirleyko@ycombinator.com,LQss4X,Amandi,Stirley,1963-01-18
15a9ab53-8fef-4f15-80e3-5daa20842b43,grosskp@behance.net,d7tfgXBiGUr6,Gregorius,Ross,1969-07-04
d1f0d4ca-10f6-462a-b9a9-934c1edc2cc9,aproudkq@uiuc.edu,R428dhsJ0g,Aili,Proud,1983-07-30
382f224e-bba7-445d-be7f-787d8950028b,dquarriekr@unesco.org,gCTe1uy,Dasi,Quarrie,1987-03-07
d50ad4de-6153-47c2-bf7d-524c988214b4,mphysickks@hc360.com,1zPL73E9uKww,Marty,Physick,1954-03-05
f141e9d8-0608-4034-9ce4-766395cb525c,hlongshawkt@elegantthemes.com,ltLWRP,Horst,Longshaw,1952-07-03
237eccea-39c9-4abf-84ae-91bb33894edd,oloberku@bloglines.com,j6X3chfhueV,Olenolin,Lober,1964-03-08
ee1517d0-ffdf-4129-a401-e4341c1ab5c1,jtunneykv@google.com.hk,aYG3xMVgx,Joell,Tunney,1984-01-28
6b63d36c-8ef8-40b1-8f32-b8e937ce57d6,famorikw@pbs.org,NbIfRRFBzJH,Fredrika,Amori,1980-05-07
b64fcc6c-4ad4-43b9-895d-24ddd0e9fca6,dzammittkx@networkadvertising.org,mnAW9WdY,Demott,Zammitt,1988-09-25
eb459537-1baf-4e03-a21e-e49129d3482e,nwoodworthky@topsy.com,19JI8v7B,Noreen,Woodworth,1962-09-16
205b41ec-47ef-49b0-9f49-72d18efbeac4,tpavelinkz@sun.com,bpEPoSPA2,Tull,Pavelin,1986-05-26
cbafe666-8ce2-44c5-8025-1851e09c53a8,bspackmanl0@miitbeian.gov.cn,ZjFJ7Sej9ycD,Barbey,Spackman,1991-11-12
4ba1022e-859a-42eb-9a21-b1bf217fca72,mfollisl1@typepad.com,7PIuagTCpU,Moina,Follis,1950-11-07
5888a8e4-9435-452f-8536-7f91daccbe64,nwranglel2@unesco.org,5bB1UCe,Nananne,Wrangle,1990-08-22
1cea621e-caef-4ca4-ab3f-e3f325a86085,vleybanl3@bloomberg.com,ZeOwj6S8JXt,Valentia,Leyban,1998-07-24
4f779c69-fc90-407c-aa1c-d2db4ab5d612,aorsayl4@noaa.gov,upLTGr,Ardene,Orsay,1992-09-10
09ab425e-15a1-4d11-8dd2-19dbfa471287,awillansl5@tamu.edu,sat7ZCVU,Ardeen,Willans,1974-01-16
0d3a4e70-200b-4630-a9c0-0176ed6211fa,hskottlel6@gravatar.com,wMgJV14eyTq,Had,Skottle,1978-07-30
5c1a67dd-eb0a-4569-a352-7ad614adb505,canneyl7@phoca.cz,e7Bia7XXKxS,Charmine,Anney,1978-12-24
b2afd470-07b9-4fcf-8c16-23f98406e955,hrickaertl8@digg.com,knwnDrK55L,Hernando,Rickaert,1956-06-06
bd951516-5770-4f19-94e7-afa60978ce7b,lgreenel9@google.cn,ZG9cW2,Lorine,Greene,1964-05-20
4c08ffb6-c5e3-44bb-aa75-92fcc5fd57be,vsawneyla@stanford.edu,5jnha0xdr,Von,Sawney,1964-10-09
310655a0-b5c8-433b-b1a8-a35c6a3f2a9f,bcockburnlb@tmall.com,7yYh5sU,Bing,Cockburn,1991-12-05
e43ab132-0a12-41b5-8d53-c9a41663d4fd,kdonativolc@loc.gov,tDhvkAzpgoRg,Koren,Donativo,1981-03-05
caad3edd-52ba-420c-98c1-c36099e882a3,ifranciskiewiczld@redcross.org,FsIEKFMp5,Izzy,Franciskiewicz,1982-06-09
c4743e65-9e2f-4317-ad37-23801a847726,bmatovicle@people.com.cn,Li2kdY,Bethanne,Matovic,1967-12-17
53a47a40-22c5-4559-a1d2-51538bf9ad76,sfellibrandlf@stanford.edu,qq9QWd2Tb,Shelli,Fellibrand,1989-11-14
c45370cc-a079-4b2c-bc5d-f6ea822cf257,hiacofolg@macromedia.com,hRmxaB0O4LH,Hendrick,Iacofo,1957-08-03
923c6c0d-3d65-49b7-a670-700e02d8a62d,ghornunglh@miitbeian.gov.cn,pwL5Gd,Gretna,Hornung,1971-05-01
dc3733e7-373e-47da-ab06-21749265e393,dparkli@liveinternet.ru,YWTRCvACNrA,Dorthea,Park,1986-09-27
71b2111a-841a-4bc7-8090-05bf482d8477,imckibbinlj@360.cn,a7fEDiQ1JE8,Ive,McKibbin,1951-01-27
8a7300e5-7193-4890-9a62-e02d330643f1,zcoldbathelk@sun.com,C7YWQx,Zorine,Coldbathe,1984-03-11
8a10bac0-7e90-44b7-a6ec-10aaa1b0b2b5,rquiggll@ebay.co.uk,WvTsLyYhE0,Rhonda,Quigg,1971-12-13
48516846-9336-4f85-a1a2-04f565686a4f,cdengatelm@techcrunch.com,nJMneZsdU,Cosmo,Dengate,1996-07-19
ea16f4d1-2258-4a2e-9593-d2bc3013c24f,harroln@histats.com,652dxc6,Hilario,Arro,1992-12-29
25857464-486e-4e69-8773-61e02773ce79,veyckelberglo@phoca.cz,fIdFTvr8yh3R,Vassili,Eyckelberg,1952-06-16
e79051eb-34d0-4336-9e15-8503c104f849,bbotterilllp@biblegateway.com,P116xETzif0H,Berte,Botterill,1974-12-05
2c922a7e-889a-42f9-90bb-1ca153f7fa8f,anarrawaylq@foxnews.com,o0LNd3C7C,Alf,Narraway,1960-09-12
8ad9979d-ef86-482c-8a6f-9bfae107a4cc,mdisburylr@yandex.ru,5Md40XQ,Melisa,Disbury,1966-09-13
d9484a8b-8b81-4a0e-88f4-a52a326a981d,pshiells@reverbnation.com,Vt3W3Pd6,Pooh,Shiel,1990-06-07
eed21b8b-7917-4325-b1eb-ed1e3148532d,glinnylt@bloglines.com,KrCRxAS4hQC,Gabey,Linny,1976-08-17
5b9f5254-10f3-4c6e-a46c-e90e2aa958a4,dravellu@live.com,oZTmV3lanXb,Donal,Ravel,1971-05-28
2f6584fb-02f1-4065-92ee-9cfa784a2abf,abrynslv@stanford.edu,0eDq5jLkQ,Agnes,Bryns,1959-02-14
33407f74-d541-423e-9dc6-2ac0dbf5036a,vvanarsdalenlw@histats.com,GqCfKpP,Viviene,Van Arsdalen,1996-12-24
dc10d36e-ebc2-4ea2-9d8f-35baae001251,bethridgelx@globo.com,IRs17lGBpR,Berton,Ethridge,1955-07-25
0a458f59-adcb-4976-9fc2-e61bcf281c7d,scarrolly@biblegateway.com,kqcXCG0r,Staffard,Carrol,1968-10-01
91c8e944-9ecd-4a9a-a8de-c53dec74a838,bmackeylz@webeden.co.uk,16SagHo,Brendan,MacKey,1963-01-06
1a038136-3ff2-4e0c-ad48-6bed87c1301c,hkettoem0@livejournal.com,utxJWEXS,Hermy,Kettoe,1997-08-27
4250df10-4e9a-4727-a29b-20dc861d5bf8,gpoetzm1@theglobeandmail.com,UYBBPJY,Goldy,Poetz,1975-05-15
4f268693-f4db-4260-a1aa-404ada45830a,mtareem2@hhs.gov,iwlSHDUhzdXm,Matilde,Taree,2002-11-27
b7f97bfd-de67-4a69-9a10-82aace6dd5c1,nomahonym3@feedburner.com,cCxyah,Norri,O' Mahony,1968-03-24
e247d34b-4b84-4904-a9ca-14ca74ca5924,cbrianm4@pinterest.com,VqZ5vAT,Consolata,Brian,1984-08-30
593ee6b9-098d-4bc9-a790-69cbc81c8598,tcosansm5@squarespace.com,aICPBMhPig,Tersina,Cosans,1992-12-06
51215ef8-1234-46de-9450-a1f9603c4a0b,gleddiem6@webnode.com,gn7tRYv0a,Giulia,Leddie,1968-10-24
ff50b9cd-52e7-4e03-aebe-5fb2cb89f7e9,asansomem7@phoca.cz,AogTuPPH,Ailey,Sansome,1955-03-29
66670255-8914-46ae-8e10-17b24cd5b23e,dferrasm8@tripod.com,qMgoEg7eLMA,Davide,Ferras,1993-04-29
e9369b75-fbbb-4737-b7b0-1557416dc9d4,cjuraszm9@surveymonkey.com,8E1FiKgP,Claude,Jurasz,1973-01-08
061124f2-8191-42af-b874-a837fb96d078,bderryma@hao123.com,F3ZeV2Z,Brocky,Derry,1968-08-19
ed5028cc-b412-4f5b-ab41-351d910b217b,hdomenichellimb@arizona.edu,oTJs0Zjk7nyf,Haley,Domenichelli,1977-01-30
32917f70-92a2-4ff7-8c62-c42b7832c3b1,rbarensmc@cdc.gov,w06bvJcMHHs,Rodd,Barens,1977-05-07
92403ab3-fdf9-4368-8b19-9ff0233dbf10,abonnellmd@github.com,yhgpIHfhW,Allx,Bonnell,1961-04-03
938efe39-7b29-499f-8793-719165919326,jchippindaleme@netvibes.com,PqI61wf,Jerad,Chippindale,1987-03-27
bd7f9956-8654-40a2-85a2-4a07461cb94d,bpattinimf@surveymonkey.com,eqpcvAK,Bella,Pattini,1961-01-29
a52467c5-c68e-4b26-a24f-e38d4ffbfd88,eodowgainemg@plala.or.jp,mvb0Ok3Qe,Edy,O'Dowgaine,1993-09-25
3055e909-3edf-46bf-a0cc-b7aa5bb748da,dwatshammh@huffingtonpost.com,fccsWdCFS,Daffy,Watsham,1973-01-28
96ebf496-d5a7-48db-aacc-78b86fd8018f,psansmi@tinypic.com,Y6cOI12Z,Peggi,Sans,1963-10-19
c5160ee3-406a-4089-8fba-fb980ac79c22,araschmj@tripadvisor.com,XGFMYsYktcQ,Ali,Rasch,1956-12-11
2898ddfd-5805-4dc0-8273-1dff86302141,srustadgemk@scribd.com,2UH78lAxk,Shay,Rustadge,1997-06-07
2803cedc-bd0e-4133-871c-c7fa61d04b52,jjuggingml@purevolume.com,h2ymhCpDl8j,Jackie,Jugging,1985-08-19
7758d5f7-3940-47e3-95e2-50aa88fd4521,lricksmm@soundcloud.com,9Wzcehl0,Leila,Ricks,1958-02-18
1931ac46-cecd-42ec-b4e8-79d453361a31,eweddupmn@bizjournals.com,5FyXRJxenQt,Evin,Weddup,2000-08-01
23be1770-b5bb-4624-ae25-6c8142b6d25a,zflowersmo@wikia.com,9ECBLadJ,Zachary,Flowers,1950-10-05
df255a5b-f295-4f6a-b402-92232514dab3,gmcquorkelmp@angelfire.com,BWbqYcbnT,Gael,McQuorkel,1953-02-17
be80545e-02ea-4dfb-9da0-34ef91be2961,fguymermq@geocities.jp,WJ8q9EIVWr,Florinda,Guymer,1964-07-27
191c6b1e-e1b4-4a7b-9360-f73989066040,ewickersonmr@uol.com.br,xhaNym,Elwyn,Wickerson,1950-01-02
f5303647-493f-4a1d-8d9f-c3e0ec05216c,brichelms@va.gov,3tgr8MUxA,Boone,Richel,2003-04-18
8736bd07-cdbd-4b9c-a067-6717af93d028,droggermt@zimbio.com,utU8qriHsk,Dotty,Rogger,1951-01-03
83cb379c-be0c-4400-969e-5633eecac1eb,mpendreymu@jimdo.com,uno57VJ8,Madonna,Pendrey,1955-07-01
47731eab-a607-4bd4-9261-734072c310bb,sblackstonemv@shop-pro.jp,6Xix3Nqb,Saundra,Blackstone,1959-12-16
23d655b9-99eb-4c5b-a2e5-f9889a39ed34,bciricmw@blogger.com,mIqdEYIFK,Barry,Ciric,1960-09-27
fa60d35a-8f90-4141-af3e-f841699bef73,lsuttillmx@amazon.co.jp,KchEPzj,Lenette,Suttill,1977-01-26
e7e29889-1b8c-48e6-b3aa-993b9e33ba5c,tderrettmy@nytimes.com,N2eKVfQHUpS,Tiphanie,Derrett,1992-06-11
979ecad5-74e2-4aae-8033-825eba777cd6,vtartemz@wordpress.com,gS9e25K,Virgie,Tarte,1965-03-13
744ed325-198a-46ab-9dae-949e70db200f,iizaksonn0@1und1.de,69EzpG,Isabelita,Izakson,1976-10-08
061e9b0e-2251-4c1b-9537-254fdf90011f,eelliottn1@cnet.com,dFINENGg,Emlyn,Elliott,1957-03-13
e904cc4e-a3eb-4302-ab10-0ef1e068305b,hbroadfieldn2@time.com,alC8xwmwU,Hana,Broadfield,1961-05-09
722e12cd-9202-4559-966d-6011eb18b63d,hbiddulphn3@privacy.gov.au,A4Sp77O8,Hetty,Biddulph,1995-07-28
ed29e120-3432-4792-bf7d-54530dd0d867,frossandern4@guardian.co.uk,WUi9pY,Fergus,Rossander,1985-09-21
8df2d34c-ab96-49ca-9ed0-6ddc1908e1d3,divanishchevn5@wisc.edu,SU58zFCCGa3G,Derril,Ivanishchev,1955-10-03
1d73b853-fa55-49fe-a5d3-9885808d470d,dwhitmoren6@discuz.net,C9mEr4g1Ij8K,Doyle,Whitmore,1950-10-09
b0fe675f-6a23-445c-a3f6-71ceadb93123,mgriptonn7@walmart.com,S0TavsrSvd,Marylou,Gripton,1999-09-24
d1fbde43-3c5f-49af-bc34-c2b0f6c90296,lmattissonn8@reverbnation.com,p1SbMWqst,Lexie,Mattisson,1994-06-14
fd20a52d-61ec-47d4-8405-85fdd0344fa2,wcalbaithen9@facebook.com,ji7xf6Iu,Win,Calbaithe,1966-05-30
443a8c2c-9eef-4482-af6b-26d6d3522752,hmuffettna@arstechnica.com,Wtg6yAU3v,Hanan,Muffett,1994-02-21
b2756b24-de8a-4297-910d-ea94f6b70e18,emargetsonnb@diigo.com,90O7wqlv,Elmore,Margetson,1997-05-18
cd65cb42-b808-498d-bf6c-084b0b492a29,aludlammenc@ibm.com,Cwb0f2nqyv,Allsun,Ludlamme,1963-06-10
b781d2f7-871b-49c2-8bcb-3773c7644c4c,ewoontonnd@mysql.com,ILtCZe2WAk3p,Eberto,Woonton,1951-06-02
16583efd-e234-4592-a9d8-8d61fe45c90e,wchateletne@live.com,l0gc2j7S,Whitney,Chatelet,1989-08-03
2716e86c-f06f-449b-8852-bf9cf922be25,hmartynikhinnf@google.fr,6jPzYcnQD,Hewitt,Martynikhin,1985-06-20
e89ad5ec-29be-4d01-bf16-18941643416e,duppettng@lulu.com,DnTdAJYBA,Dietrich,Uppett,1964-08-12
c1d7e0e4-6693-4196-a39d-6f7ef0e1fe2f,mrozalskinh@blogger.com,OwYHox2F0Y,Mitchael,Rozalski,1958-11-23
13c4f447-ef3e-4205-a26f-ca099e105b7f,phaccletonni@spiegel.de,qVx9ErCjn,Phylys,Haccleton,1976-12-02
73cc56ce-2401-48bb-be04-fa9effd9578f,swaynj@cpanel.net,cGjebUK,Shannah,Way,1989-02-01
8aa4fa94-5772-49ae-9c0f-a91d8004bf87,ewilsenk@businesswire.com,aZPhZBCnq,Erie,Wilse,2000-08-12
79086552-1905-4778-bb38-5d42c81b9ee6,wmapplebecknl@wix.com,sSI2avelR,Wallas,Mapplebeck,1992-09-28
4e04b1b2-0b73-472f-b378-99a56ebb4161,bandrieuxnm@g.co,WvNR7B6Pyym9,Barth,Andrieux,1973-03-30
14b16613-e6fd-4cf1-bd77-4b083ad74dac,mpoppynn@flickr.com,wsmeOM2Ps,Mart,Poppy,1964-03-30
515273a2-c047-4120-a24d-2f730ba79a30,uwardallno@tinypic.com,6zHNtVGbA,Ulrich,Wardall,1989-01-31
f2d2cd5b-90c0-4b24-b269-0e097bfb998a,ghotsonnp@weather.com,aUlb152vXa,Gypsy,Hotson,1979-07-10
38198164-d4de-44a4-95ec-aab05ef9c655,lcanningsnq@barnesandnoble.com,RkMIFpPBRMqO,Loralie,Cannings,1975-01-18
296ede7a-d02a-40a5-806c-c3f67ec1cef1,frawsthornenr@quantcast.com,GFox3P5t,Fleurette,Rawsthorne,1982-05-14
bd3da689-5777-45a9-855e-b801967a1598,mwattinsns@alexa.com,99UuqZnKH7yk,Marsh,Wattins,1976-05-01
ba0c70dc-79b1-40b7-a19f-a54d96273a14,smalzardnt@stumbleupon.com,xRy3LE6,Sara,Malzard,1988-10-14
66dd5a9d-d21c-4d7f-a8fd-43735f045e72,tmaccumiskeynu@prweb.com,Rn2VUhY,Thedric,MacCumiskey,1970-07-28
10c9c2a3-e698-41bc-89cf-f292f21bfbde,adallawaynv@npr.org,rfWNWC5,Andriette,Dallaway,1961-07-03
f73becfb-3694-44ec-9eee-d30197f38456,bjerchenw@msn.com,mWpMuO5Q,Bernadene,Jerche,1977-06-11
5924fbfc-2dd5-4f59-885e-4056151f9a20,ksilbertnx@google.cn,Jx0bDFY,Katrina,Silbert,1963-04-01
d3d6eb87-25ef-4caf-ad7e-5331b041a0ec,icrebottny@berkeley.edu,2qBlXycmowTo,Ingrid,Crebott,1998-08-25
7abd2d71-7c02-4e9e-8e3d-898dac9e4bc8,aheinickenz@goo.ne.jp,HTmkBKDb,Aleen,Heinicke,1964-10-11
ea80884a-c1a3-4757-a9d7-19c200834bcf,aboramo0@seesaa.net,2tZs2Dk5x,Ardith,Boram,1962-09-09
1fe5abdd-3c04-4956-a514-fd9bf82d4014,askeatho1@dell.com,HUaR661,Auguste,Skeath,1956-08-17
4a7e1070-aaa4-49ab-bb7c-cbf16380268d,glantaffo2@barnesandnoble.com,GgCHD7pHifQ,Georg,Lantaff,1976-11-08
30a8f264-fdc4-4d05-a327-ff12c07a628e,rteligino3@canalblog.com,B5QGQxgb,Rebekah,Teligin,1952-12-28
a36e3968-4859-46e9-9fbf-56309975729b,sstentono4@geocities.com,RWjE1Z,Suellen,Stenton,1966-03-21
57283ecf-b6f7-4b6b-8458-c1bd16850b8b,rlinceyo5@nsw.gov.au,vk0ldy7j7BPH,Rodge,Lincey,1968-09-29
6f8e28c0-c21d-4bcc-bef8-48426b19bb37,slinnitto6@tuttocitta.it,XAJRvtR3CH,Shelley,Linnitt,1966-06-17
62d96ffa-3ef9-4707-bf64-79e2ce31ed97,mshorrocko7@ning.com,rziJnLTYFwXu,Melody,Shorrock,1958-12-19
4b507c2c-96f7-48b7-ad63-5b09878d9316,wspringthorpeo8@vkontakte.ru,hYX3oBu,Wilhelmine,Springthorpe,1989-10-07
5efcd95b-f5fd-41b1-8ec1-dbddb211c4d2,jledwitho9@cdc.gov,DKDAKA45CmGr,Jarrid,Ledwith,1977-04-16
518357a4-272d-4071-9033-689e6b68754d,emaieroa@barnesandnoble.com,t1ZusKk8,Ernesto,Maier,1965-03-16
78965abd-efae-4788-a0e9-4b5d74c7ad33,lgarmeyob@flickr.com,Nx622h6Mg,Libbey,Garmey,2001-01-13
909aba58-da44-4a98-ab20-e3b2f2a85f32,cbeaganoc@wp.com,SZWaQS2W,Cicily,Beagan,1990-12-03
e5539ade-2a54-4290-8b7b-e21357b95145,dprugelod@jigsy.com,9AFtABd,Desirae,Prugel,1989-06-22
e0a27216-30d6-4a77-b82e-1f75329f40a0,hadinoe@stanford.edu,47PN1YtJnRu,Hope,Adin,2000-07-04
75a37112-7e99-4057-ac55-05150d1060b4,xedmedof@webeden.co.uk,q6JQSV4Ble,Xerxes,Edmed,1994-05-02
b00a1a64-cb7b-4990-ba24-1cf0e39dcfcc,genochog@bluehost.com,vJsNbvO,Garrik,Enoch,1952-09-15
a12a2b78-ddfc-460c-a863-73a34f569f5b,cpoppyoh@furl.net,1rRX8x,Consuela,Poppy,1962-12-24
c5fe2d79-1935-4575-a30d-821104ca2f0d,oayersoi@sakura.ne.jp,JGGVyHmy08D,Ollie,Ayers,1958-01-31
2a39ae85-7b27-4f11-8ad0-d83f09ea270b,lmandaloj@mysql.com,X7h8DvExn,Lenee,Mandal,1981-03-16
05b3e9b1-dd12-44ac-a4f8-bab6644be4b9,rpeacockok@bizjournals.com,UQf2AhvF,Rachael,Peacock,1974-08-29
00b522a8-02f7-4237-9b12-a34ad82c0df0,blandesol@de.vu,fUCOijs,Braden,Landes,1983-11-15
61fc7b5d-c428-4760-a7fd-99c7f72b145a,gjiranom@auda.org.au,pgpp2peudU,Garvey,Jiran,1979-01-26
51fa3649-a357-4808-b94b-20e93973bd5f,drubinovitschon@xing.com,Cq6fqAItZ,Dorine,Rubinovitsch,1952-03-07
0bb5a4d2-8598-44ef-b734-25cdd8c994e0,tgynnoo@posterous.com,xjWtkA,Thibaut,Gynn,2002-08-08
1c82775d-1de7-4d41-809d-8b14b63e1f2e,jdeighanop@princeton.edu,6fZHa9QHj,Jayson,Deighan,1957-10-04
f8664433-c7e8-4919-a2b3-edf6adedc77c,clampkeoq@admin.ch,qgQ8cBq2g4w,Clint,Lampke,1963-09-19
9574e91f-f160-4103-a321-4c674a562e8a,gvittoreor@tripadvisor.com,kaZwrhxz,Grange,Vittore,1970-12-15
5d14552c-2d4a-4497-923f-1a3e2342dc1f,adelucaos@homestead.com,qZjXJpfCl,Adina,Deluca,1950-05-12
5bd908b0-2226-47ee-baeb-41782dde5683,mpatulloot@buzzfeed.com,LrDloBEAg0,Mae,Patullo,1980-05-02
5f81aa59-267b-4b89-a272-7788758eaa0a,mbentzenou@tuttocitta.it,eIgumTU1,Marsha,Bentzen,1957-09-09
dcdccfb1-b1f3-43cc-bbeb-b30917312f79,tmabenov@time.com,0ickNh9ax,Tracy,Maben,2000-12-28
b5b8eef6-5a44-48d1-b53c-0abe8e5112c5,gbarnewelleow@webs.com,d4AwJZ,Gino,Barnewelle,1991-06-10
5aaaf3d7-1115-45c4-b2ea-ef196f17add7,weymerox@posterous.com,bzm4yw5OpvWn,Wilhelmine,Eymer,1985-03-06
383e5488-2076-42dd-a18e-039cdf68fffe,ghinkinsoy@hugedomains.com,7F7yvyZ,Gerhard,Hinkins,1992-07-29
564e8d88-3385-49a4-8aff-b42b59eb2530,kchurchingoz@homestead.com,iqCEoiyur,Krystyna,Churching,1979-01-17
48afd9e4-5a9c-4d8e-a439-51c13837fca4,zkleehuhlerp0@google.co.jp,gMnjzhGGpcxo,Zared,Kleehuhler,2000-01-02
04367ba0-47d3-45d3-819b-a23cf3254788,srichp1@flickr.com,Srt3zCvL3,Sibylla,Rich,1975-04-14
4426a37b-5f39-4b37-9248-8d3e4065c623,pdallistonp2@paginegialle.it,wMfUKxn,Patin,Dalliston,1950-03-17
4d098a82-65e0-47e5-8707-317c2cbf6ba1,gjonathonp3@businessinsider.com,lbv1Fq159,Grissel,Jonathon,1962-05-07
bc6cce86-d86b-4b79-bd9b-8f6bf0ad1e46,lpoynerp4@goo.ne.jp,iwKUYkUDc,Lacie,Poyner,1993-07-07
bc5137a4-62dd-43e4-9779-b42fc1fe86c7,tcharterp5@ovh.net,9ni2yr9dCs,Tarrah,Charter,1999-09-05
7251f690-0032-4dea-a4b1-b36949a15e5e,aeytonp6@live.com,EmSa6lg2l8,Aarika,Eyton,2003-10-28
562ac549-c7c9-4149-a236-46f90b003e0e,wlockiep7@webs.com,LJIyhYO,Waylan,Lockie,1964-11-22
0384ef6d-1322-4d8d-bc22-b6334e6b42d4,apautardp8@illinois.edu,0RUs8SwNW,Alard,Pautard,1969-01-05
f61b9cc5-c0ae-46b0-8974-24d11cd55cf6,chintzerp9@independent.co.uk,3jnbhJ7,Clara,Hintzer,1976-12-28
2958a4bf-d741-445d-b5cc-e62e53680275,millwellpa@europa.eu,tmfHA2QtX,Maritsa,Illwell,1962-03-09
b10c14dc-5dea-4743-9f44-b64ed3a0aae2,pdewersonpb@php.net,4Wa2qEreh,Pepito,Dewerson,1982-07-15
715c352e-ca30-4058-9697-8774345b46cb,ycarrickpc@disqus.com,5EelVBVCa2l,Yolanda,Carrick,1983-08-26
c1f9d422-a005-42ee-bd67-0b56c94a6109,ndurhampd@fema.gov,qKP6tiKQUF,Nanci,Durham,1958-08-28
9f1e29b3-dd25-4cda-b5d8-c6d4d96a56b9,tmangeonpe@imdb.com,so0FX3C,Thurston,Mangeon,1992-04-11
c9a8d52c-29c7-473b-b464-6b9aa32225bf,dtosneypf@yelp.com,SP1B73,Davidson,Tosney,1984-06-09
77f79008-026d-4432-b9b5-1d3108da315b,jwheatleypg@usatoday.com,2bpkb50,Julian,Wheatley,1979-08-17
9e38c9a6-9b4d-41ff-b820-c771504d87eb,mmarsayph@wsj.com,lbKxX1oJVi5,Martin,Marsay,1980-02-24
88398b56-d3ba-4ee7-8f71-060b68c70cde,dsaycepi@rakuten.co.jp,pa2EYSxw,Dina,Sayce,1973-12-29
68f56ae8-d615-43f6-be8d-2ef5e52901b9,hcalampj@nature.com,tc0v6YfVZgog,Hallsy,Calam,1952-11-26
be904e08-5aa4-46f0-933a-9041e7168b9a,slondingpk@mtv.com,BZxNecMIq,Sigmund,Londing,2003-09-01
bdf9c0fd-6355-4052-abff-4587d3e190ab,creveningpl@weather.com,M6Bls32Zu32g,Cherri,Revening,1970-08-29
b40c074c-c1a4-4b74-816e-1332742ff693,agerypm@yelp.com,iYNhUySV,Abbie,Gery,1966-02-05
204b52de-e8ed-4b86-9815-5e3578f9e0cf,mduckerpn@soundcloud.com,ZUxojG,Man,Ducker,1994-09-11
15885457-b7a5-4b34-86c2-0b2d02ae0e4f,mpignonpo@who.int,jkIAJh,Mufinella,Pignon,2002-01-17
f0754d83-f330-48ac-934c-6bcd5c3f1cc9,bhargrovepp@histats.com,vquQVNw597a,Bourke,Hargrove,1960-02-01
6af27642-102c-4f8f-b70b-a1973ec5654d,apenderpq@reuters.com,WcPRibnQysv,Anders,Pender,1980-09-18
7c0360b1-6b79-4db1-a653-d8a13754042a,mmyhillpr@accuweather.com,tCaUTGROh,Maridel,Myhill,1965-10-18
2cde6a5a-379d-40d5-8ecb-61b7245a4191,cbruhnickeps@wikispaces.com,YgTDoGgXTUT,Cullie,Bruhnicke,1957-01-26
ebb46b94-3e1d-4d75-9bc8-7edd7e36c94f,aragatpt@360.cn,ZTMyWbvnckR,Amabel,Ragat,1993-08-12
96d71413-0dcf-4327-b67a-90b7123407af,dtemlpu@youtu.be,zXhGzf9bV,Dara,Teml,1968-02-19
5f6b8fdd-18d8-4fab-8e01-1cfdd6b965ff,lkennefickpv@usa.gov,VNZMje8,Lindi,Kennefick,1963-10-29
85e6a25f-e728-41df-892e-be03752d7369,bkisspw@blogspot.com,Ae2Fdqne03,Belicia,Kiss,1989-10-21
15adac54-049e-44d2-be08-e6c8b5b5e868,gangelopx@intel.com,7fSdzpaNr,Gerrie,Angelo,1971-06-02
dfbb0b55-dd8f-446d-b766-1e97e9a9dbe6,pliveseypy@bravesites.com,U38thL1Ed,Penelopa,Livesey,1951-12-05
9084ea93-0875-4570-8687-0c957cf8c3e4,efeldkleinpz@istockphoto.com,L2BMFCKgY,Edyth,Feldklein,1981-03-16
b9326024-e200-41cf-ad6b-ebcd2f88adb4,jfawloeq0@meetup.com,aJTcV0JI5Aij,Joellyn,Fawloe,1964-08-16
d278b907-4e40-46b2-9fc7-6355a94018f2,kastillq1@live.com,nYlTJ4bAsou,Kristofer,Astill,1990-03-18
26dfe70e-024e-43a9-8fd7-2ab72364a490,tmenatq2@e-recht24.de,y553a8AN,Trude,Menat,1973-08-30
70bbde86-2715-4b3b-abd4-89e36599920e,mlichtfothq3@soundcloud.com,qjqHis1,Matilda,Lichtfoth,1976-03-24
706bb004-397b-41bc-9fb2-f0bd69afda90,hmcneachtainq4@sciencedirect.com,Ax3HiA09bPPn,Hurley,McNeachtain,1986-05-02
2ea53ef3-d34d-4883-95b7-606b0fc53990,cgummieq5@zdnet.com,e4UCXs1YIHWr,Cymbre,Gummie,1967-01-17
2b762f15-4f1a-4553-972c-bb97b0f512fe,sbeethamq6@google.co.uk,rmsKBqV6w,Stephenie,Beetham,1959-06-30
dc3f6127-1773-4c24-83fd-316579a6db4d,tmolineauxq7@google.co.jp,udnGUK,Torrey,Molineaux,1965-12-24
d75e1113-45d0-4f09-a0ee-071f4bc279e4,mmountstephenq8@prnewswire.com,lOQ0P0ReB,Marsiella,Mountstephen,1954-03-18
8b05930f-d909-419c-998b-66cfabded489,smounceyq9@ft.com,c8q63XPu,Shelagh,Mouncey,1981-11-26
17323731-137b-492e-a58f-efdefc9356e9,sfallonqa@nsw.gov.au,f6hYLtc3sB,Sonnie,Fallon,1955-08-24
5554f339-20fc-4d4f-b3a0-a089f4a23fdf,cbouslerqb@constantcontact.com,YdviYwLpU,Claudius,Bousler,1955-03-26
0ac8b67d-5818-4e4c-bd58-5fb6172b3286,fabramchikqc@adobe.com,lBAH4vj,Fred,Abramchik,1986-09-09
67e9c858-8a6c-4ad6-9632-a609bb2ec629,cshermarqd@about.com,4gXF2EKQPMF,Ceil,Shermar,1986-05-29
762c5551-e21c-4340-ad0f-3f1079cf3de5,klingleyqe@typepad.com,yTYCAcud8k,Krista,Lingley,1986-10-24
daa55986-88f7-46c1-8288-26380ebb4f24,framsierqf@hhs.gov,fRn1LXgo0B9,Filippa,Ramsier,1955-12-18
b35c670f-6fd1-43ac-acd6-c9c6ed0f7299,sragsdallqg@hc360.com,q6MPXnxOor,Symon,Ragsdall,1979-10-06
61dbd4f8-d520-43c1-bfd7-c18b92465562,apostlesqh@uiuc.edu,I9mRanJ,Aubrey,Postles,1995-10-17
ac8251ab-7aa4-4b62-9880-784b7ba4c4d0,ssomesqi@fema.gov,vPu0KKLmlL,Shirline,Somes,1993-06-29
5c20caa1-06f7-482e-af3c-390353d94b10,hdowtryqj@hubpages.com,NDz9Xzk4,Hubert,Dowtry,2001-10-23
ed68d049-331b-4740-b566-a19efcfbd1fc,khavelineqk@twitter.com,4FBDcAOgjww8,Kassi,Haveline,2000-10-18
8bc87b93-c0bf-4de6-a82b-3c549f9025ea,cletrangeql@dell.com,QsgkJYuK,Clevey,Letrange,1994-02-27
ac037de5-f855-472f-a767-22140bf3071f,jpengellyqm@arstechnica.com,JBHF2J5BQiS,Jolee,Pengelly,1959-03-06
bb255a3e-10e8-47a1-bb71-05c003d1dec3,jrisbyqn@weibo.com,usEaAX,Johnna,Risby,1961-12-30
d2a3e477-4be6-4874-a0e3-76b34beaf7f7,trobertiqo@auda.org.au,BB7tcs,Tyler,Roberti,1977-09-11
035cf101-53de-4a1e-8a5f-08dd0e6b4ba7,elardeurqp@springer.com,CurOC8TXZQ4G,Eben,Lardeur,1960-11-03
d8ff05a7-c34b-47ce-aa64-1915b2e69246,lofallonqq@a8.net,oDXkfqzzjP,Lorrie,O'Fallon,1990-07-16
81267dd1-418c-459d-8b43-048f3c125f2e,aobingtonqr@addthis.com,E79CFU,Anett,Obington,1956-04-19
39eba3cc-e8c3-487d-9c28-a794d63a08f1,delmsqs@cocolog-nifty.com,5LPwwaPZm,Dario,Elms,1985-08-03
64901244-5226-4add-a21f-55f3960345ed,cmasseoqt@yelp.com,EQbUih9keY1,Chucho,Masseo,1956-08-24
c765d664-fe3b-4485-9a9f-c8f0ba098ffd,rgledequ@wired.com,gK55vb6ERCV,Ripley,Glede,1989-12-28
b70965f2-5cb3-466f-9c0b-3fcb5c7a42f7,wverlanderqv@about.com,VOVuHnlpN,Wendye,Verlander,1954-10-28
389eb9c6-065d-4b4c-ba08-37fe83b56cec,rbeddonqw@360.cn,U6n532OLBO,Rickard,Beddon,1987-11-20
3968c634-bd70-4099-bb5c-cac75a7c7247,glivesayqx@baidu.com,F8aqVZx,Gavra,Livesay,1952-03-17
3f678bbf-5ad5-4cab-b2cb-515cc505d964,ttullochqy@miitbeian.gov.cn,m8fclC,Tootsie,Tulloch,2004-05-03
b6912486-558d-4c51-ac2e-bdcc2312b22f,aglasscottqz@freewebs.com,22yEuq,Ainslee,Glasscott,1951-08-19
fcee75dc-35c8-4211-8922-0ea0f6aa7746,mmaryanr0@businesswire.com,VoqamIvk,Mayne,Maryan,1993-09-24
4af8922a-8db8-4899-ae1d-4847bf438349,merrigor1@over-blog.com,50wuMtFzBBXn,Madelene,Errigo,1981-07-24
0af8eca9-fe05-4151-b93e-3b8189167452,kmcgonigalr2@addthis.com,xeO63YI,Klement,McGonigal,1986-07-04
4ec42da8-e0ad-48d3-b335-627b8baf4391,mfilippozzir3@taobao.com,WcKHIQ,Margie,Filippozzi,1978-06-04
5ed9567e-9ad2-457c-bbc6-51e7490c95f3,eizaacr4@live.com,E5QnZI,Elset,Izaac,1978-08-04
dace8557-7532-470a-8fda-aef8305b8dbb,bkinavanr5@woothemes.com,A185mzB,Blythe,Kinavan,1971-07-28
6848eb33-d57f-4ea7-86e2-07b14bb0b4ec,ajiggler6@deliciousdays.com,JcMkDV,Antony,Jiggle,1959-01-22
7c1a02fa-13b7-4490-9663-a136f8f6574c,namiesr7@spiegel.de,6jmReppTM,Nancy,Amies,2004-10-05
91efa0c1-2317-4ae9-af83-c7f9349f3e9f,cgouger8@rambler.ru,Hyrx0yHFD,Cort,Gouge,1960-06-21
a3241253-6cfa-45c8-855c-71f132e3d098,dhakonssonr9@dyndns.org,Y2aZ4MFDZ,Darrelle,Hakonsson,1991-05-23
71804977-9607-4f18-870d-b06e88f6de6a,cvanhaultra@sphinn.com,6S7ZJqivOGBJ,Cleo,Van Hault,1975-02-23
15fcf112-30fb-4116-915e-99f9183ce1af,dantognellirb@over-blog.com,aKscEJSN,Darcy,Antognelli,1963-05-17
9b3e393f-5802-478a-87cf-4f4d2b005e32,hwhistancerc@godaddy.com,ZTluJ9,Hedda,Whistance,1977-08-15
b67629f8-092c-4477-b0d9-28b368c28583,cdantonrd@imageshack.us,RLh2EYm,Cleve,Danton,1958-03-13
b6e46aa8-9cf6-4d16-af50-aa731f4aba98,anolotre@163.com,LVBBPyY,Adair,Nolot,1968-02-12
8392c3c4-1777-4873-a9fd-e20720f932af,mnaysherf@ameblo.jp,P2ZuvvW,Michel,Nayshe,1955-06-06
5db51972-7f78-40ed-90ab-dd942b5627ed,eburnsyderg@go.com,c6SlU8v,Eve,Burnsyde,2002-07-07
1b0ec6ad-4106-4c3c-93b7-8a74deb13ef9,eruanerh@youtube.com,6IfDYXP,Edi,Ruane,1957-06-22
60c73535-3352-4c28-838f-c469a62df28b,mcrosscomberi@livejournal.com,I7qCcz7a,Mariejeanne,Crosscombe,1968-03-19
de02953c-d4c2-40fc-82ed-65c75f0c42ea,khavertyrj@hubpages.com,0bduoSVJ,Ki,Haverty,1982-11-14
7c6752ff-fca4-4eff-b2aa-daaeec133558,hharkessrk@51.la,2nH6GlSxZI,Harold,Harkess,1954-06-03
904b5b49-f5ed-4d67-887e-6f9b82e28c71,jsnoxellrl@cyberchimps.com,EahuMCJsTIs,Jinny,Snoxell,1965-05-20
839a2d8c-e6a0-4149-b40e-fa5eda66167b,tsenoglesrm@cafepress.com,K7P4XL,Tyrus,Senogles,2000-09-14
fb9f2860-6c86-45ff-8d0f-84576b518c1e,jnettirn@cam.ac.uk,Y6H5FV,Jemima,Netti,1976-01-14
45bdbc37-8360-412a-ad0a-469edbc074f3,seadenro@indiegogo.com,2DxJJWHs2vNH,Stacee,Eaden,1950-09-28
fa7deb03-29cc-42b4-9c04-7e817c9dd499,fdenneyrp@youku.com,CCKAwpu,Frederica,Denney,1956-06-23
fdd6609e-e485-4290-8faa-843fdf888057,gweekrq@adobe.com,HYx4pj,Garvin,Week,1969-05-08
aadbed8e-ca01-4c7f-a9cd-8794fb41dfd9,oheberrr@usgs.gov,pYzQOw5,Odille,Heber,1950-03-16
